carpark_number,longitude,latitude,nbus_500,nbus_100,school_500,mrt_500
HE12,103.818650624062,1.28821002313219,22,3,1,1
HLM,103.845519414776,1.28485223539479,19,1,0,2
RHM,103.818577605194,1.286463927483,20,0,1,1
BM29,103.8170992126,1.28363470609251,16,2,2,0
Q81,103.793164320357,1.3075367428679,13,2,0,1
C20,103.765261746619,1.31334782082767,15,0,3,1
FR3M,103.806210586409,1.3166948314211,6,1,1,1
C32,103.759081213337,1.3086255588801,10,0,1,0
C6,103.767691165502,1.31448811391311,16,0,1,1
TG2,103.737621413525,1.32156339469995,12,1,0,0
BP1,103.824870046386,1.27279494600191,18,1,0,0
TG1,103.737634509395,1.32331299286462,13,0,0,0
TGM2,103.738294454968,1.32214501861335,12,0,0,0
TE14,103.828854664875,1.27698058237175,11,0,0,0
BM3,103.811527769469,1.28770776626902,18,2,2,1
BM9,103.814358018406,1.28909799857285,26,2,2,1
HG44,103.886329705932,1.37364879043448,18,2,5,0
HG64,103.886297641285,1.37434125261485,19,0,4,0
PM27,103.946595969692,1.37396018889779,17,0,1,1
PM28,103.947766006105,1.37470010927146,16,0,1,1
TM36,103.939073297793,1.35716298585214,11,0,1,0
TM37,103.938607238244,1.35617684383887,10,2,1,0
T50,103.931000895113,1.3507224444833,22,2,2,0
T51,103.931687156743,1.34871443211385,18,0,2,0
TM43,103.952234710171,1.35338717764057,16,1,3,0
T15,103.952761578793,1.35320756420394,16,2,3,0
T16,103.952312054475,1.35255005071892,18,0,3,0
T17,103.953268714855,1.35198364636497,15,0,4,1
T18,103.953945676368,1.35313741716376,16,1,3,0
B9,103.933815179244,1.33017270858265,16,1,4,0
B10,103.93370774409,1.32902833089494,17,0,2,0
B14,103.931445094945,1.32915909292624,20,2,1,0
WCB,103.851937756299,1.29880829368048,25,0,1,2
ACB,103.854118049931,1.30106327208749,26,1,1,1
CY,103.853664871383,1.30062602811305,27,0,1,1
AM46,103.853396384416,1.3721783233234,20,1,3,0
A12,103.838675313237,1.36850982748189,11,0,3,0
BE45,103.843673799586,1.35630834366272,10,0,1,0
BE39,103.841971337628,1.35919640181431,16,2,1,0
BE40,103.842640151363,1.35731117764231,10,0,1,0
CR29,103.85679325982,1.30578378262145,12,0,1,0
KLM,103.856833606308,1.30616337846563,12,1,1,0
SE34,103.874307227947,1.37394108542823,19,0,1,0
KB7,103.870478363881,1.32158578122993,10,1,0,0
SE31,103.873671906954,1.37151197087876,20,1,2,0
J56,103.739311091351,1.33489264711451,17,2,1,0
J57,103.739119880197,1.33397611726272,15,2,1,0
J57L,103.739858001114,1.33446759200437,17,1,1,1
J33,103.717879866612,1.34577448968529,16,0,2,1
J34,103.720085745794,1.34706766327592,16,0,3,1
BL8,103.713390916368,1.34542513353749,22,0,1,0
J36,103.715456444507,1.35217192032422,11,0,1,0
J54,103.724509948021,1.3499265714395,12,1,5,0
J55,103.724290893933,1.34863731462556,15,0,5,0
J43,103.725268522775,1.34792485443565,15,0,4,0
J46,103.719058365859,1.34975413727721,17,2,4,0
KB1,103.868900292234,1.32357360389608,12,0,1,0
GBM,103.868633675666,1.32277239055598,11,0,1,0
SE14,103.869988708089,1.35455222366029,16,0,1,1
SE50,103.868610370785,1.35390134346339,15,1,2,2
J40,103.72287839228,1.35002973222915,18,0,4,0
JM1,103.720650376783,1.34507053932752,12,0,4,1
J32,103.72047490461,1.3458066607061,14,0,4,1
A11,103.838181096851,1.36703553385711,14,0,3,0
TR1,103.861109616449,1.31973040251887,10,1,1,1
JBM,103.827125894241,1.27919665996032,10,0,0,0
TE2,103.825079973477,1.27998229678202,12,0,0,0
CR31,103.854698193613,1.30624974548364,10,0,1,2
J1,103.738098265144,1.33642972291343,18,0,2,0
J2,103.736771313524,1.33860776000044,18,0,2,0
J3,103.73548477934,1.33949483651941,14,0,2,0
T37,103.936864356333,1.34735809483409,14,0,4,0
KB3,103.869655124215,1.32082803463467,10,2,0,0
KBM,103.86912462402,1.32023928754018,10,1,1,0
J4,103.741902601017,1.33753016931853,18,0,1,0
TGM1,103.738875205557,1.32110993007039,14,0,0,0
TG3,103.73897739774,1.3206349930588,14,1,0,0
TG6,103.741092696946,1.3218251384145,18,2,0,0
TG7,103.742291000055,1.3201453629777,17,0,1,0
CR30,103.854941024047,1.30760017872999,9,0,0,1
RCM,103.855416846082,1.30715729089984,10,0,1,1
EPM,103.838908227729,1.27618443608274,18,0,0,1
TGM3,103.739328367393,1.32326132845571,14,1,0,0
KB14,103.87006187688,1.32055770503646,11,2,0,0
J41,103.722032310522,1.34828945624444,18,0,4,1
JBM2,103.82529201443,1.28015344581096,14,0,1,0
J39,103.721347485019,1.35015749885562,16,1,3,0
J52,103.724594156983,1.35143640167905,11,1,2,0
J51,103.724629513634,1.3535560740797,10,0,2,0
J53,103.726726375989,1.35074095041762,13,1,3,0
T19,103.953345884695,1.35453408562412,19,1,4,0
J49,103.718949483841,1.35345579862982,14,0,1,0
J27,103.71666938291,1.34688733579361,19,1,1,0
TB14,103.807345338019,1.28182521169611,9,1,0,1
U19,103.758322441839,1.34850285719901,16,1,1,0
U6,103.744103523173,1.3480295181731,16,0,2,0
U45,103.757898925672,1.34691849203713,16,0,2,0
BBM7,103.74369552196,1.34735532825893,14,1,3,0
BE12,103.850969793711,1.35002331703951,12,0,3,1
HG41,103.879350149724,1.37127612000394,18,0,3,0
HG43,103.884304150568,1.37211311724521,22,0,2,0
MN1,103.859200229924,1.32202947349749,10,0,2,1
MNRM,103.859430532329,1.32054021507341,11,0,2,1
MN2,103.856368420374,1.31804968875213,11,1,1,0
C7,103.770578452586,1.31484281873115,13,0,1,0
C17,103.763896569583,1.31385772949926,15,0,3,1
C20M,103.765650777195,1.31150425544153,14,0,0,0
T41,103.935280471579,1.34828584134721,16,0,3,0
T42,103.932724075647,1.34928854180657,19,1,5,0
TM42,103.933507457646,1.34893697541585,20,0,5,0
J48,103.718479933848,1.35217276704395,15,0,1,0
BH1,103.842459925825,1.32499136463287,16,1,1,1
BH2,103.842858172547,1.32604597253415,15,0,1,0
BKE7,103.855322710992,1.31265941560017,10,2,1,1
BR5,103.858190639299,1.32490897064426,9,1,2,0
BRM3,103.854702460883,1.3214861743092,10,0,1,0
BRM4,103.856074033682,1.32273032442989,12,1,1,0
M16,103.886672299336,1.32843116708984,14,2,0,0
M20,103.887265561789,1.32759045265267,16,2,0,0
M35,103.885915035974,1.32728185226066,13,0,1,0
M36,103.885455996464,1.32670351840055,11,1,2,0
M37,103.88560507357,1.32767740879297,12,1,1,0
M38,103.887476664953,1.32715304864823,15,1,0,0
MM3,103.88801858425,1.32626627771418,15,0,0,0
MP12,103.907649874732,1.30318170081254,13,0,1,0
MP13,103.908850932887,1.30168637315658,9,0,1,0
MP1M,103.910010043396,1.30285526185362,10,0,2,0
PP1,103.869213959655,1.33400490206807,13,1,1,1
PP2,103.86605451411,1.33268014476888,15,1,3,1
PP3,103.865844528141,1.33360198339816,12,1,3,1
PP4,103.866119237347,1.33473291183773,11,1,3,0
PP5,103.86322285845,1.33631310151853,6,1,1,0
TP10,103.853591563851,1.33491613818982,24,2,0,1
TP14,103.852407721881,1.33588861085823,24,0,0,1
TP16,103.848316153335,1.33324574622349,19,0,1,0
TP17,103.848593279613,1.33377302249117,18,2,1,0
TP18,103.850744468143,1.33258932067388,21,1,0,0
TP2,103.84824149823,1.33617963179044,18,0,1,1
TPMG,103.844035536115,1.33822914009105,13,2,1,1
TP36,103.853788590001,1.33626310515236,25,0,1,1
TPM4,103.84934606221,1.33575415747033,21,0,1,0
TPM5,103.847339933455,1.33581868535626,19,1,1,0
TPM6,103.854623431753,1.33475998184532,24,3,1,1
TP27,103.845267557433,1.33754412799672,16,0,1,1
TPMN,103.848578452229,1.3348930156411,20,2,1,0
TPMP,103.844801354357,1.33668416639977,18,0,1,1
WDB1,103.853244212117,1.32077003284102,10,2,0,0
Y23,103.832079559448,1.42159341623377,13,0,2,1
Y24,103.833317578372,1.41908889380755,12,2,3,1
Y56,103.836762781742,1.42544974907435,21,0,0,0
BBM1,103.745382274251,1.34643665368638,14,2,1,0
BBM8,103.748510520704,1.3499692848448,15,2,0,0
BJ10,103.770655166769,1.37893928663085,21,0,2,4
BJ11,103.771879943564,1.38076368711014,16,3,3,4
BJ12,103.774488589084,1.38025326281058,8,0,2,2
BJ17,103.768945728134,1.38125023256274,20,2,1,2
BJ18,103.768111526577,1.38096996999807,23,0,1,2
BJ28,103.765546004073,1.37892483419269,29,0,2,0
BJ3,103.769377342964,1.37731019413801,19,0,2,3
BJ33,103.772011127144,1.37911950216512,16,0,2,4
BJ42,103.764286444662,1.37692127795757,22,0,1,0
BJ45,103.765008780912,1.37868796139644,24,3,2,0
CK21,103.743820118314,1.38453064663447,17,2,0,1
U48,103.748770630438,1.36143431940452,16,0,3,1
U5,103.744677881792,1.35013724128289,16,2,2,0
JM14,103.69876959219,1.34240067437711,21,1,3,0
JM12,103.698436393509,1.34112097104444,26,0,3,0
W39,103.791227976172,1.43990028179278,18,0,4,1
PL67,103.89751341808,1.40847387016727,6,0,0,3
U9,103.741192580594,1.345845572524,9,0,4,0
U26,103.750131440781,1.36051634143148,16,0,2,1
U25,103.750009965501,1.36310524833054,13,0,2,1
U24,103.747645348487,1.36390797990537,18,1,2,0
U23,103.74556533339,1.36302119257396,14,0,1,0
U22,103.746514564849,1.36076433250331,9,1,2,0
U21,103.748583617477,1.35735541423313,13,0,1,1
U2,103.746309292549,1.34987248400339,16,0,0,0
J45,103.726785446584,1.3489851813579,10,0,3,0
TM25,103.958495138344,1.35871474701473,15,1,3,0
TM26,103.959625223987,1.35982667978697,14,0,3,0
TM27,103.959888479028,1.36065300511494,13,0,2,0
J37,103.715801795882,1.35129596169884,14,0,1,0
BM1,103.809669195449,1.28627350837941,15,1,1,1
BM2,103.809953072261,1.2868507679835,19,0,1,1
BM26,103.807407939038,1.28727970787392,14,0,0,1
BWM,103.806654477543,1.28687530248197,12,2,0,1
TBMT,103.806901321906,1.27379625405021,12,0,1,1
TPM,103.842297402262,1.27548140025172,16,1,0,1
U29,103.749298577117,1.35859219879211,16,0,1,1
U27,103.751065062311,1.35959308732366,12,2,2,1
U18,103.758733386708,1.35108941239583,13,2,0,0
U30,103.752695158177,1.35691437554883,10,2,2,1
TE25,103.830787722964,1.27737166409302,9,0,0,0
TE3,103.826141560834,1.279741391649,12,1,0,0
TE4,103.82784357065,1.27836963975571,11,0,0,0
U28,103.750561153043,1.35787573992469,12,0,1,1
A15,103.84041745597,1.36696761050684,12,0,2,0
BM28,103.81582316671,1.2839993312076,15,1,2,0
BM30,103.816733442325,1.28323433325652,15,0,2,0
BTM,103.833289747836,1.2867839238665,14,2,1,0
BTM2,103.829641012372,1.28696308219404,13,0,1,1
SAM2,103.811007297227,1.2939665666451,16,0,2,0
TBM2,103.809223320155,1.27530436512936,15,0,1,0
TJ34,103.724509174187,1.33394993169412,16,2,1,0
U31,103.751073604829,1.35691340268137,14,0,2,1
BL13,103.715035197633,1.34469258752037,17,1,2,0
HG10,103.890483639158,1.35454771325923,16,2,2,1
W3,103.769502605681,1.44069949950933,10,0,0,0
BJ65,103.758761377061,1.38470415715602,15,2,4,1
CK19,103.751330647374,1.38048281912978,18,1,4,3
CK4,103.751662437412,1.38014370343272,18,1,3,2
CK42,103.746730358862,1.39276904206261,13,1,3,0
CK7,103.751960499351,1.38028225945617,17,0,3,2
TW1,103.755159171,1.37768814864177,13,3,1,1
TW2,103.754474939649,1.37874997515072,16,1,3,1
TW3,103.754505021287,1.38033006895066,15,2,5,1
B16,103.940559491924,1.32350111787562,14,0,3,0
B17,103.941857161266,1.32421773800636,12,0,3,0
B20,103.943420377089,1.31979971448027,15,1,1,1
B42,103.930821156824,1.33245179138242,19,1,3,0
B45,103.925428998801,1.3316799840249,18,0,0,0
B6,103.930339539373,1.32633049648282,14,1,1,1
B63,103.922616463344,1.33815372697679,6,1,1,0
B65,103.945659287523,1.3200329104339,14,0,1,0
B7,103.931921731626,1.32513123973324,13,0,0,0
B70,103.927995519062,1.32628984534614,18,0,1,1
B71,103.924300368982,1.32429388910779,12,0,2,1
B7A,103.934036959509,1.32713169234542,14,2,1,0
B8,103.928276233077,1.32588149637945,15,0,1,1
B80,103.923360600804,1.33826830415619,7,0,2,0
B84,103.934204757316,1.32622610951431,12,0,2,0
B90,103.939648815533,1.3225206224681,12,0,2,0
CC5,103.923400674582,1.3248224611391,12,2,2,1
CC6,103.923564612241,1.32351381402203,10,0,3,1
B30,103.938753433675,1.32994283465695,12,0,1,0
B31,103.938850199785,1.32850123419672,13,0,1,0
TJ28,103.720458878805,1.33711975668127,19,2,1,0
TJ31,103.722870167673,1.33859456993132,15,0,1,0
TJ37,103.722528311224,1.33828253386359,16,0,1,0
AM16,103.835718285157,1.37034980121361,15,1,2,0
AM32,103.834376815543,1.37053252446107,13,2,1,0
BJ2,103.766661340276,1.37613503075381,21,0,3,0
CK48,103.745221833723,1.39737452229979,17,2,3,1
BE8,103.855314807845,1.3444363922391,11,0,2,0
SE11,103.873419396167,1.37022600111192,18,1,3,0
SE20,103.872098796743,1.35157756763095,21,0,1,0
SE21,103.872016086453,1.35343618120422,22,2,0,0
SE22,103.872128827264,1.3541567315681,19,1,0,1
SE23,103.870838930197,1.35404990679112,20,0,0,1
SE24,103.871494192628,1.35276439703923,20,0,1,1
SE53,103.875050467174,1.36937809471681,16,1,2,0
FR4M,103.807534491411,1.31687572661862,6,1,2,1
BJ31,103.767518424098,1.38789815086641,11,2,2,1
BJ32,103.766847641789,1.38655741574932,15,0,2,1
BJ34,103.766490138214,1.38779605990158,12,0,2,1
BJ35,103.765872161405,1.38702433257437,13,0,2,1
BJ36,103.765295875923,1.38626289163156,12,1,2,1
BJ37,103.76466066314,1.38537581014166,17,0,2,2
TP31,103.84587103389,1.3411010791516,15,1,1,1
BJ38,103.763426646495,1.38513669086984,17,2,4,2
BJ39,103.7628600693,1.38423179772351,24,1,2,2
BJ40,103.762901649193,1.38282578775268,28,1,1,2
CK38,103.744825813665,1.39301793839083,14,0,2,0
A38,103.854588382711,1.36396370580403,9,0,2,0
A43,103.859267271977,1.36599673554933,10,0,0,0
CK8,103.747105661127,1.38208607931357,19,0,1,3
CK8A,103.748978599287,1.38121860673947,15,2,2,4
CK39,103.744277802494,1.39614725324911,14,0,3,1
CK41,103.746457009456,1.39095741996976,12,1,2,0
CK46,103.749532106803,1.39526631034354,15,0,3,1
CK47,103.747699422783,1.39523945037119,20,0,4,1
SE32,103.872296737759,1.37228480092965,19,0,2,0
SE33,103.872607828538,1.37416173827728,16,1,1,0
SE39,103.871702903251,1.37350367177279,18,1,1,0
BJ43,103.761677612649,1.38172044598217,27,0,1,1
CK22,103.745942967992,1.38384387700935,18,0,1,2
CK36,103.74108732654,1.39228590223088,10,1,1,0
CK37,103.742229847756,1.39405299528609,12,0,1,0
A25,103.851627489277,1.36276930742851,12,0,2,0
A81,103.836478794681,1.37435555252556,14,1,0,0
A82,103.836398652723,1.37567492239482,11,0,0,0
A9,103.844392197806,1.36807436997813,11,0,1,1
A98,103.831854209648,1.36916431059637,11,0,2,0
BJ55,103.760776951789,1.38628294474144,16,1,2,1
BJ56,103.758949835054,1.38589121604701,17,3,2,1
CK44,103.749136737306,1.39258883506481,12,2,2,0
CK45,103.749966835991,1.39451794097482,14,0,3,1
SE35,103.876252960217,1.3730991180086,19,0,2,0
SE38,103.875715278267,1.37395324520749,18,1,2,0
SE40,103.870022956964,1.37254095663696,11,0,1,0
BJ30,103.768979329077,1.38702928241063,10,0,2,2
CK16,103.739221072542,1.37962891057335,21,1,3,0
CK49,103.743534979649,1.39874472977906,12,0,2,1
CK50,103.743784940046,1.40041195690394,8,0,1,0
CKT1,103.738584385895,1.38031508592098,19,2,3,0
CK51,103.747581316543,1.39964218927207,20,0,2,1
CK12,103.741815708345,1.38128611662468,24,2,2,0
CK13,103.742040596766,1.38291672354162,19,2,1,0
CK17,103.740691022393,1.3820730449414,21,0,2,0
CK30,103.74538107498,1.37902887669667,21,0,2,2
CK31,103.744938407895,1.37875023314904,21,0,2,2
BJ41,103.765454483908,1.37551205005209,20,0,1,0
CK20,103.740133654296,1.38338296474863,14,1,1,0
CK23,103.741506854054,1.38414435119935,16,1,1,0
CK34,103.741097048423,1.38857724580347,8,2,0,0
CKM1,103.740824780821,1.38359635561229,15,1,1,0
BJ1,103.769323020166,1.37395668012412,13,0,2,3
BJ48,103.764603025736,1.38718578982729,13,1,2,1
CK33,103.742951354776,1.38869768587925,13,0,0,0
A37,103.855556550702,1.36811306848691,13,0,1,0
A39,103.854072154634,1.36115102165868,15,0,1,0
A68,103.839854214827,1.38189761856602,16,1,2,0
A70,103.840107206764,1.38062064114195,16,0,3,0
A71,103.840741896718,1.38000909369531,20,0,3,1
CK40,103.746147353486,1.39538076213543,17,1,2,1
A40,103.856982085985,1.36235615053786,12,0,1,0
A66,103.835660622978,1.38054493090841,14,0,0,0
A69,103.841945435749,1.38164145794217,18,0,3,1
A30,103.842418972199,1.37098974668814,9,0,2,1
AM80,103.841861490483,1.37064699017156,8,0,2,1
AM81,103.841947812524,1.37163924205586,8,0,2,1
CC7,103.925687349719,1.32524620545283,19,0,1,1
B88,103.938324024787,1.32225093211688,11,0,2,0
B66,103.904339563206,1.33054815487274,14,2,2,0
B53,103.915177235275,1.33425148909204,12,0,0,0
B52,103.91789418746,1.33390918003002,9,0,1,0
B51,103.916396242413,1.33214650008818,6,0,1,0
B35,103.935176202663,1.32905809720399,18,1,2,0
B34,103.935673430839,1.32831229435955,17,0,1,0
B33,103.935800164562,1.32724085840242,14,0,1,0
B32,103.936757479504,1.32741066945513,16,0,2,0
KB17,103.862910171515,1.31766412026225,15,0,0,1
KB10,103.863592558818,1.31890330396579,11,1,1,1
KB11,103.863721995793,1.32058268108783,12,0,1,1
SD9,103.873495935032,1.31176147002141,13,1,0,1
W54,103.789075079434,1.43941887883024,19,0,3,1
BE23,103.849762913569,1.35009590712064,14,1,1,1
Y52M,103.84492031076,1.42031043773933,11,0,2,0
Y9,103.83401256587,1.42783091351926,24,0,1,1
Y20,103.837855836139,1.43626205593008,15,0,4,0
Y10,103.833282275399,1.42384275765004,21,0,1,0
PM30,103.942177186883,1.37574538399534,23,0,2,0
PM3,103.960933001682,1.37180034981674,22,2,3,0
TWM3,103.757316724977,1.38038891574567,14,0,3,0
CK61,103.748917565864,1.40408941986099,12,0,1,0
CK60,103.745873826471,1.40429443397874,7,0,2,0
SK91,103.891522007331,1.38549439147242,17,2,1,2
SK75,103.875110982126,1.39161010192933,12,1,2,1
SK74,103.877596214762,1.39216839066302,10,1,2,2
SK88,103.874103934736,1.39402110312423,13,0,1,2
SK71,103.894188245183,1.38207746901543,14,0,2,2
SK43,103.897249583934,1.39645458216063,10,0,2,2
SK70,103.894742212238,1.38429570318294,20,0,2,3
SK92,103.89290117506,1.38615841223772,19,2,2,2
SK80,103.876526019047,1.39392199294293,16,0,1,3
SK72,103.893888185531,1.38514135052927,18,0,1,4
SK73,103.894244671663,1.38611189717361,21,2,2,3
SK83,103.873405117906,1.39418940736509,14,1,1,2
SK86,103.877159955364,1.39438120083388,13,1,2,3
SK78,103.87407028684,1.39168389915635,15,0,1,1
SK68,103.894242431036,1.38306538726293,17,0,1,2
SK3,103.897425873932,1.38604418076072,21,0,3,1
SK58,103.878212028333,1.38944471991347,6,0,2,2
SK62,103.876719479136,1.38888278077699,10,0,2,1
SK87,103.873121996799,1.39315202180955,18,2,1,1
CK3A,103.749980341676,1.37949253030326,18,0,2,3
CK3,103.7500624787,1.3786059243998,16,0,1,3
CK55,103.748508995926,1.3971123380651,19,1,3,1
CK29,103.744110776461,1.37974571233705,25,1,2,1
CK28,103.744171692474,1.3800848001568,23,2,2,1
AM22,103.847653026353,1.36458829147512,11,0,1,0
AM20,103.846088586118,1.36469773293712,9,1,2,1
AM18,103.844619390219,1.36554001278626,13,1,1,1
A20,103.848457091822,1.36494338064154,12,0,2,0
A65,103.859417207625,1.37102915896011,15,0,1,0
A60,103.855913418751,1.37446449543798,13,0,3,0
A50,103.857609567953,1.37252246424224,14,0,2,0
HG22,103.880432413139,1.3524734570238,12,1,0,0
CK25,103.743743795647,1.38228999830792,18,1,1,2
CK24,103.743309854137,1.38332616301207,15,1,1,2
STAM,103.809939841282,1.29285019100066,16,0,2,0
AM79,103.851327945649,1.37232822920642,21,1,2,0
A34,103.851667374102,1.36835647321903,12,0,3,0
AM96,103.850940371229,1.36407414927882,10,0,2,0
A85,103.84970936856,1.36510737794777,11,0,2,0
A72,103.843530338174,1.38076096265734,18,1,4,1
A67,103.837804889389,1.37968632444613,17,0,0,0
BMVM,103.823129189598,1.28462628946923,16,0,2,0
HE3,103.821711693549,1.2847190033879,14,1,1,0
TB2,103.819340570736,1.27757007453566,14,2,0,0
JKM,103.839002771694,1.28718797600376,9,1,1,1
JKS,103.839640391014,1.28816462345907,8,0,1,1
SPM,103.835631619211,1.27392581672339,8,0,0,0
FR2C,103.807712564483,1.31827839070269,6,1,2,1
GM1A,103.786945592487,1.31255463307581,12,1,1,0
AR5M,103.784463330084,1.30734352659319,9,2,2,0
AR9,103.783439640596,1.30728436270956,9,0,2,0
C5,103.769573948647,1.31310265905251,14,0,1,0
C9,103.770312349409,1.3176492492395,17,0,1,0
U46,103.747626883417,1.34416821075673,11,0,0,0
U15,103.755436272093,1.34888370020953,20,0,3,0
U3,103.744351634786,1.35139195654454,12,1,1,0
U32,103.752614041782,1.35410023419813,15,1,2,0
B75,103.917526157776,1.33303810249595,6,0,1,0
U38,103.744577082454,1.34672609294971,14,1,3,0
U10,103.743724236432,1.34580354219828,12,0,3,0
C8,103.768631103456,1.31667465678636,15,1,1,1
J60M,103.71789779158,1.34937129708846,15,0,3,0
J38,103.718585466766,1.34911809382485,17,0,4,0
UBKM,103.870811706204,1.3147949856341,9,0,0,0
UBK2,103.871397464283,1.3155971787693,10,0,0,0
UBK5,103.873959398416,1.31853579262266,10,0,0,0
U17,103.756805573197,1.35009596559791,20,0,0,0
U4,103.743219963037,1.35065356523015,12,1,2,0
U1,103.746981501513,1.34838970301781,18,0,0,0
TGML,103.739341480221,1.32174968731496,15,2,0,0
BRBL,103.850707491003,1.30659689422405,8,0,0,2
BL18,103.714437332527,1.34648845221846,21,0,2,0
BRB1,103.850585978632,1.30606674923535,9,1,0,2
J61,103.688424907971,1.3400767800039,12,1,3,0
J73,103.698222085255,1.34399538592604,22,0,2,0
J74,103.696112293441,1.34266458406925,26,2,1,0
U39,103.750988845481,1.34975943162847,15,1,2,0
U40,103.751368303705,1.34863240139712,20,2,3,0
U41,103.752048349981,1.34948459705518,19,1,3,0
C3M,103.770131034559,1.30981358763305,14,0,2,0
C4M,103.770502512952,1.31148010869757,17,1,2,0
J70,103.693508734471,1.34368703547005,23,0,0,0
J75M,103.693089020344,1.34413466038172,22,0,0,0
JM15,103.700082433655,1.34088882883945,21,0,3,0
JM18,103.699529255337,1.34299662848967,24,0,3,0
C24,103.771286676964,1.32419762068627,5,0,0,0
C27,103.77051277091,1.32224226281682,11,1,0,0
KTM5,103.829461390033,1.28252909743668,11,2,1,0
KTM6,103.829243442409,1.28185645216714,9,2,1,0
BP2,103.827004328282,1.27409169127108,11,0,0,0
BBM3,103.75991777084,1.34450628322565,11,0,2,0
BBM5,103.757933611524,1.34324288507703,16,0,2,0
U33,103.751306964305,1.35497823925369,16,2,2,1
U34,103.753703227508,1.35173368582319,17,2,2,0
J84M,103.696478557493,1.34772468307253,16,1,2,0
J85M,103.696234875051,1.34997718954676,10,0,1,0
Q84,103.796673185293,1.30678098777834,9,0,0,0
Q87,103.796238409487,1.30887893710383,12,0,0,1
Q89,103.795049795309,1.3062461348732,12,1,0,0
BM5,103.807619501422,1.28843155606342,15,0,0,1
TB1,103.818525004381,1.27838063594341,12,1,0,0
TB3,103.819467668237,1.27683918285987,13,0,0,0
TB9,103.822233439256,1.27328899776074,16,0,0,0
TBC3,103.817600775984,1.27897302470543,12,2,0,0
C26,103.769929065203,1.32258776108661,8,0,0,0
C25,103.769055517241,1.32239272321646,8,0,0,0
C22M,103.77021551085,1.32174637069336,11,1,0,0
JM7,103.703006456786,1.34248592800673,17,2,1,0
JM30,103.703884813889,1.35049912635745,15,2,2,0
J72,103.697733794226,1.34726728496265,18,2,2,0
J69,103.693640656696,1.33968739721516,24,2,0,0
JM23,103.703787405644,1.35356268843366,11,0,2,0
JM19,103.702821143712,1.35197369206251,11,0,1,0
U43,103.745936918798,1.36508311373815,13,1,1,0
W21,103.77709593565,1.43380410682215,13,1,4,1
W24,103.779404607402,1.43063065929603,11,1,2,0
M25,103.888177711009,1.32422544431015,10,1,0,0
M3,103.885707421104,1.33068085622753,13,0,0,0
M4,103.887659701755,1.3290227940584,14,1,0,0
MM1,103.887063625057,1.33045510029061,15,0,0,0
MM2,103.886094249665,1.32433968750611,11,0,2,0
MM4,103.885486552032,1.32932965670418,14,0,0,0
UA2,103.879228838414,1.33369095999958,11,1,1,1
UA3,103.88062786479,1.33465443487361,7,0,1,1
UA5,103.881182053495,1.33651336284135,4,0,1,0
UAM1,103.879213581489,1.33449780875893,8,0,1,1
JM31,103.697559329234,1.34202665158484,23,2,3,0
BBM9,103.751771828672,1.36583063528229,9,0,1,0
C21M,103.766526732001,1.31166119443481,16,1,2,0
U13,103.753222296157,1.34780344700207,19,0,3,0
C13M,103.766179840158,1.32056337141105,13,0,0,0
C12,103.766106072935,1.32178984437935,11,0,0,0
C14M,103.765185460601,1.31739237532048,16,0,3,1
C10,103.768962945216,1.31846320732282,13,0,1,0
BL10,103.711425137944,1.34376184065735,18,2,1,0
BL19,103.713345663581,1.34877728099847,18,0,1,0
BL3,103.709234555228,1.34687470761309,18,0,0,0
J50,103.722520940491,1.35370720919841,11,1,1,0
J60L,103.717872279532,1.34975461447697,15,0,3,0
J62,103.685407639614,1.34088978226791,8,0,3,0
J62M,103.686555370924,1.33987302748123,9,2,3,0
J63,103.686442787698,1.34177926283375,10,0,3,0
J65,103.689295832723,1.34277048726823,15,1,1,0
J71,103.69417441758,1.34622764756059,18,0,1,0
J76M,103.694529175815,1.34430441230655,25,0,2,0
J77M,103.698560619131,1.34744542350681,19,1,2,0
J78M,103.695123281173,1.34156585497183,28,0,0,0
J79M,103.694938806298,1.34650108353181,20,0,2,0
J80M,103.700969493023,1.34554734300345,16,2,2,0
J81M,103.700177324868,1.34959145906928,21,0,1,0
J82M,103.692450100139,1.34585000765068,14,2,1,0
J83M,103.695064442331,1.35022065301556,10,0,1,0
J86M,103.699090105732,1.34996227233592,14,0,1,0
J88M,103.707206189343,1.34167926764919,17,0,0,0
J89M,103.705900791485,1.34237534507963,17,2,1,0
J98M,103.696856975802,1.3397788016971,29,0,1,0
J99M,103.696042975809,1.33973330270424,28,0,1,0
JM10,103.697287459009,1.33894867849231,28,1,1,0
JM13,103.699744926115,1.33947094700527,19,1,2,0
JM22,103.702591748158,1.34474854196757,17,2,2,0
JM25,103.700628182367,1.34430368003993,19,1,2,0
JM28,103.695687816079,1.33532722240945,14,1,0,0
JM29,103.694504539652,1.3370050641486,22,2,0,0
TBM3,103.808972846138,1.27337433591129,14,0,1,1
TBM4,103.807811670278,1.27730553818201,7,1,1,0
BJ49,103.761486753403,1.38489746000688,22,0,2,1
Y11,103.829954511095,1.42577546121802,15,0,3,0
Y8,103.831278070403,1.42944491906926,17,0,3,1
Y13,103.837864919105,1.43121489565978,21,1,2,1
Y3,103.828886521341,1.43471142219389,15,0,2,0
Y3M,103.827469816348,1.43354468208133,12,0,1,0
Y39,103.840526740156,1.42004998171817,14,0,3,0
Y48,103.847817778512,1.42938786293558,10,0,2,0
Y48M,103.847529495523,1.42836712560183,12,0,2,0
Y15,103.836814323532,1.43464815368302,14,1,5,0
Y4,103.831540849932,1.43475410276261,14,0,3,0
Y27,103.833623483534,1.41420970932528,9,0,1,1
Y49,103.847815299145,1.42606125653763,11,0,2,0
Y21M,103.834854009184,1.4353598620997,13,0,4,0
Y28,103.834008086438,1.41562821855449,12,0,2,1
Y28M,103.834371468936,1.41544528458703,13,0,3,1
Y33,103.83610980649,1.42222970633382,18,2,1,0
Y49M,103.847508623859,1.42439344876828,12,1,3,0
Y49L,103.847264856017,1.4239686967948,12,2,2,0
Y7,103.827450543014,1.42730181793245,13,1,3,0
Y57,103.846465963906,1.42399206304058,13,1,3,0
Y21,103.837155174273,1.43690200401042,12,0,4,0
SB19,103.821357666373,1.45159164275342,22,2,1,1
SB24,103.823549484905,1.45232239636282,15,2,1,0
S19L,103.820911396835,1.45136605677181,25,2,2,1
S24L,103.823704713053,1.45316111019205,14,1,1,0
SB2,103.820502733298,1.44644833477035,24,2,2,1
SB16,103.817321170345,1.44821604510944,27,2,2,1
SB26,103.815223952965,1.45646501809381,13,2,3,0
SB27,103.817396471677,1.4566224164763,13,1,3,0
SB28,103.815638409525,1.45486333925637,14,1,4,0
SB3,103.818740507204,1.44493769850052,18,2,2,1
SB15,103.816693626696,1.44892718057524,24,2,2,1
SB4,103.821273164723,1.44407970744667,18,0,2,0
SB5,103.81824101338,1.44607760220895,20,0,2,1
SB18,103.81370144291,1.44893112120316,19,0,1,0
SB21,103.814235639787,1.45178128558997,20,0,3,0
SB29,103.820073441041,1.45304509348165,22,2,2,1
SB30,103.813539776315,1.4554680859085,12,0,3,0
SB31,103.814523189211,1.45552667904927,14,2,3,0
SB23,103.818389242903,1.4500353806754,24,2,3,1
SB22,103.820288292334,1.45116755718215,29,2,3,1
SB34,103.813521596665,1.45464503350907,11,0,3,0
SK36,103.891541128436,1.38885342924562,22,2,2,2
SK37,103.890608655618,1.38744865068714,19,1,2,2
SK42,103.889333099523,1.38787920466601,17,1,3,2
SK23,103.906094682692,1.38622337341968,16,2,1,1
SK10,103.898236037163,1.39026401752401,21,2,4,0
SK19,103.902428157001,1.39477325295803,16,2,3,1
SK20,103.903914304261,1.39410689532618,15,1,2,1
SK11,103.899463483539,1.38840318112485,21,0,4,0
SK45,103.898738179559,1.39760051961837,7,0,3,1
SK4,103.900062072932,1.38213301815495,15,2,3,2
SK77,103.876532753858,1.39031568005166,8,1,2,2
SK16,103.90090376595,1.38372970413515,18,0,3,2
SK63,103.897977319845,1.38404661008889,17,2,3,2
SK7,103.897991187245,1.3890692026661,23,1,2,0
MR4,103.859973104332,1.30791404317716,14,0,0,1
CR7,103.862339328431,1.3055058809529,19,0,0,1
KB4,103.870683017022,1.32312996053951,13,1,0,0
JRM,103.861854174992,1.30716701989926,16,1,0,2
SD5,103.879914883678,1.31776892051572,15,3,2,1
KB12,103.861586647034,1.31910620017683,12,0,0,1
UBK4,103.874088216801,1.31528793831425,11,0,0,1
SD2,103.878364864327,1.31692245960171,11,1,0,0
SDM2,103.878455061033,1.31613279500049,13,0,0,1
SG3,103.862176686031,1.32514700022567,7,1,2,0
NBRM,103.863010439959,1.30400361667908,21,0,0,2
SG2,103.862212060947,1.32411623951001,7,3,2,1
SDM,103.874451408596,1.31246021162246,14,0,0,1
SD3,103.879247617028,1.31732996445847,14,1,2,1
W107,103.789596954058,1.42980075321887,17,1,3,0
W30,103.774068324764,1.43029019955138,16,1,3,1
W28,103.773857089794,1.43011733042847,15,1,3,1
W44,103.772263918459,1.42798985503243,9,0,0,0
W45,103.775161840127,1.42798140432516,11,0,2,0
W7,103.777608294417,1.44313612428987,22,1,0,0
W19,103.777208333743,1.43759455229014,17,0,2,0
W780,103.80110119715,1.44823518500317,15,0,1,0
W101,103.805785724715,1.44254432672344,15,0,1,0
W13,103.774807906983,1.4435372787951,20,0,1,0
W48,103.789026046938,1.44316789941201,12,0,3,0
W102,103.806616629934,1.44120480685176,12,0,1,0
W37,103.79043222,1.44187532254671,16,2,3,1
W52,103.789486535974,1.44139837206645,17,2,3,1
W64,103.797099146241,1.43789593289374,20,0,2,0
W17,103.781647221767,1.43668196786801,10,0,0,0
W18,103.780442950626,1.43904250217394,17,2,0,0
W58,103.792252439175,1.43605016190738,20,0,2,1
W5,103.778194251994,1.44075409726083,18,2,1,0
W5M,103.778753449431,1.44163940382,19,2,0,0
W23,103.78112571087,1.43221125170495,13,1,2,0
W40,103.79201590187,1.44159628082276,20,0,4,0
W49,103.792028211478,1.44290768135822,18,0,4,0
W50,103.793694754772,1.44292561849275,17,2,2,0
W51,103.792635310824,1.44228997502428,19,0,4,0
W36,103.786419066203,1.44137836211154,14,0,3,1
W10,103.775320185964,1.43935179300566,17,0,2,0
W6,103.777953963324,1.44210247357219,23,1,0,0
W181,103.779296800784,1.43965386998101,15,1,1,0
W14,103.772974672318,1.44705221629299,9,0,0,0
PM6,103.96339473252,1.37080219607977,21,1,2,0
PM17,103.959700669125,1.36279285249953,14,0,2,0
PM14,103.960105397908,1.36470843282672,16,0,2,0
PM29,103.943373732934,1.3773336408343,23,0,2,0
PM16,103.962720606886,1.36235873304778,14,2,1,0
PM18,103.956879827691,1.36475655010154,9,0,3,0
PM11,103.963457018404,1.3647932754079,22,2,1,0
PM7,103.963249921591,1.36755763817199,19,1,1,0
PM13,103.959597741675,1.36647355477753,15,0,2,0
PM45,103.935904893913,1.37460195488744,16,0,3,0
PM41,103.934124396035,1.37873742012472,14,1,2,0
PR1,103.957999802334,1.36733183955971,13,0,3,0
PM19,103.957022738525,1.36795677755504,13,1,3,0
PM40,103.93538366563,1.37794761326017,16,3,3,0
PM37,103.936019520133,1.38192478774439,12,1,0,0
PM36,103.937070549788,1.38241655864518,10,0,0,0
SK93,103.875381818924,1.39393705425638,12,0,1,2
SK2,103.900114145418,1.39028340682978,19,1,3,0
SK60,103.873259967456,1.38775958325072,13,2,1,0
SK15,103.899534180227,1.39360384273216,21,0,3,1
SK17,103.898706817481,1.39282139077437,21,1,4,1
SK12,103.900658039337,1.38320147964749,20,0,2,2
W4,103.776746148654,1.44245814875092,22,0,1,0
SK22,103.905215411557,1.38722444847627,21,1,1,3
SK21,103.9031595106,1.38280472051791,13,0,2,1
SK13,103.900743593932,1.38817411016374,20,0,4,0
SK6,103.900937363796,1.38946732451962,20,1,4,0
CK52,103.750236357297,1.40065903012873,17,3,3,1
P1,103.907015994093,1.3993255232639,21,2,2,1
P2,103.906015469762,1.40009682917911,21,0,3,1
P3,103.905774458657,1.39845683708253,16,1,2,1
P4,103.905622898827,1.3972271617557,17,0,4,1
P5,103.907641896307,1.396877554713,13,0,3,1
P6,103.909462343403,1.39536856955656,12,0,3,2
PL14,103.905049450072,1.40239687754578,23,0,4,1
PL15,103.912584952759,1.39486251887647,8,1,3,1
PL25,103.91177770471,1.39551982553955,10,0,3,1
PL29,103.913265967366,1.40053884701366,13,0,4,1
PL30,103.914093841679,1.39435394473751,8,0,2,1
PL31,103.90619802299,1.40367858329091,20,2,3,0
PL32,103.904606666241,1.40484725001724,17,2,1,0
PL33,103.90989066576,1.40125538700892,20,2,3,1
PL39,103.897952803458,1.4040002035818,11,2,0,2
PL40,103.899150331378,1.40372106351862,15,0,0,1
PL41,103.901942680435,1.40265108832267,18,1,2,0
PL42,103.911697256631,1.40212642399456,13,0,2,0
PL44,103.901328753224,1.39885655665263,11,0,2,0
PL45,103.914500237714,1.39362938020769,8,0,2,1
PL46,103.911629841452,1.40025943174779,15,0,5,0
PL48,103.900383766483,1.4030051179068,17,2,1,1
J10,103.740093654431,1.34201668247345,17,1,3,0
J11,103.7399376555,1.34291966694515,11,0,3,0
CK32,103.743962690334,1.37739477503584,18,0,1,0
BJ51,103.763464273128,1.37939840870791,25,2,1,0
BJ52,103.762637905945,1.37911336132343,23,1,1,0
SK25,103.89795579644,1.39292097028495,19,1,3,1
SK26,103.896558616183,1.39351434235819,18,0,2,2
SK32,103.892164373489,1.38765834596692,21,2,2,2
SK33,103.89239969864,1.38833150225595,23,2,2,2
HG11,103.894980428553,1.36595908495262,15,0,0,0
PL68,103.89563899985,1.40284977714673,6,0,0,1
PL69,103.917614585792,1.40253475955328,2,0,0,1
MLM,103.803454521064,1.29336500541006,16,2,0,0
CR2,103.865658220172,1.30468354035789,11,0,0,2
CR3,103.864324795307,1.30506865379077,15,1,0,2
W57,103.789450846543,1.43678213479688,18,2,3,1
BE36,103.844535382735,1.35749516972048,10,2,1,0
BE37,103.844420837704,1.35800794122712,11,2,1,0
BE38,103.844566487678,1.35889863001258,9,1,1,0
BE42,103.844548146946,1.3555617806229,6,0,1,0
BE7,103.853022890772,1.34500469914902,12,0,4,0
SE13,103.870330188763,1.3565716827002,13,0,2,1
SE16,103.867719932116,1.35261889005698,14,1,3,2
SM1,103.839328195095,1.35791808450825,13,2,0,0
SM3,103.839066597916,1.35470514075408,13,0,1,0
JB3,103.884288413211,1.30052504023038,9,0,0,1
JB4,103.883168830504,1.30348322073544,10,0,0,1
K2,103.882351306726,1.30873647549794,13,0,0,0
K2T,103.883543632437,1.30753801339003,14,0,1,2
KM2,103.88773705618,1.30877082004129,10,1,2,1
KM3,103.882946450786,1.30850397786192,10,0,1,1
TRS,103.88347010009,1.30064941949435,9,0,0,1
ACM,103.885060947615,1.32100429010596,8,0,2,0
GE1A,103.883437784259,1.31988748882181,12,0,2,1
GE1F,103.884235643105,1.31920994810454,12,1,2,1
GE1G,103.886308837045,1.32096240876741,8,0,2,0
GE2,103.884839403283,1.31794542178385,12,1,2,1
GE3,103.887363268966,1.3175009923126,11,0,1,0
GE5,103.88756528217,1.31654978026759,11,0,0,0
JB1,103.882786584161,1.30240182549227,12,0,0,1
JB2,103.88299671365,1.30162760668841,11,0,0,1
K7,103.886016910437,1.30889451887233,8,0,2,1
KM4,103.885362808782,1.30849255260175,10,0,2,1
LT1,103.911575591498,1.3230365361177,9,0,0,1
LT2,103.910873694598,1.32390817417409,8,0,0,1
LT3,103.910492607442,1.32503593050984,4,1,0,0
M1,103.886436388264,1.32307478116112,8,1,0,0
M32,103.882792969479,1.32231287123776,11,0,4,0
MP1,103.917522173252,1.30481835995201,12,0,4,0
MP17,103.914895457046,1.30612776691317,21,2,5,0
MP2,103.91665765027,1.30422461438827,14,0,3,0
MP5,103.916165196659,1.30610964689025,20,2,4,0
MP5M,103.912478366917,1.30544802439507,19,0,2,0
MP5S,103.912569247641,1.30467203749956,18,2,2,0
MP6,103.916381424269,1.30549657962492,18,2,4,0
MP7,103.914688790906,1.30558127833997,21,1,5,0
SK9,103.905921755233,1.39081416530162,18,2,2,2
SK14,103.905337320696,1.38981503628706,21,2,3,2
BE10,103.853295407985,1.34774103683307,12,0,4,0
BE11,103.853041355038,1.34977945545382,10,0,2,1
BE13,103.851527639209,1.34488554091771,14,1,3,0
BE14,103.855431690197,1.34705912300086,9,1,2,0
BE26,103.848456699419,1.35589523545262,10,1,0,0
BE27,103.848631146247,1.35665621354662,9,0,0,0
BE28,103.848050392203,1.35792578374441,9,0,0,0
BE29,103.845900851146,1.35745270034741,8,1,1,0
BE30,103.846445329934,1.35746397214867,8,0,1,0
BE31,103.846095243495,1.35886686380925,7,0,1,0
BE32,103.846672475151,1.35917101558305,7,0,0,0
BE4,103.848377782615,1.34649553739341,17,0,2,0
BE5,103.850961063469,1.34617737632749,16,0,2,0
BE6,103.851883342573,1.34474821410259,13,1,3,0
BE9,103.856182773949,1.34717026150898,11,0,2,0
CLM,103.814400630046,1.29248301199208,19,1,2,1
BM14,103.80884793933,1.28904073661503,22,1,0,1
BM19,103.818702648533,1.28571244802543,20,0,1,1
BM20,103.818760208046,1.28524729551706,18,0,1,0
BM4,103.80895514474,1.28766728424873,18,0,0,1
BM6,103.813764499017,1.28953339055007,26,1,3,1
BVM2,103.823375662497,1.28349280288791,15,0,1,0
CM1,103.83921657284,1.27445807410158,17,0,0,0
H12,103.827409049688,1.29199377306611,14,0,0,0
H14,103.832443782297,1.28842120851927,13,0,0,1
H3,103.832515357445,1.29100868689111,12,2,0,0
H8,103.830922138015,1.28772696549104,15,0,0,1
HCM,103.821559940018,1.2890460476816,19,2,2,0
HE1,103.822355393474,1.28922214285323,15,1,2,0
HE19,103.820985076745,1.29054061910106,16,2,3,1
HE24,103.820985333231,1.28466809325958,20,2,0,0
HE4,103.822782855841,1.28347091305665,14,0,1,0
JMB1,103.827017547253,1.28193489222984,13,0,1,0
JRTM,103.810327689864,1.2893587269753,20,0,0,1
KTM,103.8286510202,1.28306938267032,10,2,1,1
KTM2,103.827476166039,1.2834464796053,10,0,1,1
KTM3,103.828648028888,1.28063943549265,7,0,0,0
KTM4,103.827297312821,1.28148144614253,13,0,1,0
LBM,103.815228412227,1.289296903717,26,1,2,1
PP9T,103.866060086841,1.33219467825718,15,0,3,1
RHM2,103.816956841126,1.28697768992343,21,2,2,1
RHM3,103.81727324817,1.28791577695299,19,3,2,1
RHM4,103.815792615404,1.28795831840187,26,1,2,1
RHS,103.815616395807,1.28828861382552,24,1,2,1
HG30,103.896965902802,1.37325913194905,14,0,2,0
HG31,103.896317842443,1.3754845441163,16,0,3,0
HG32,103.886060168368,1.37137905832961,22,1,4,0
HG39,103.885967780144,1.36994339987184,21,0,2,0
HG47,103.893962180732,1.37118408908204,18,0,2,0
HG48,103.894093694761,1.37542517007049,18,0,1,0
HG49,103.894759316379,1.37879334341881,17,0,2,1
HG50,103.891333667407,1.37733183605952,21,0,3,1
HG51,103.890113141272,1.37865104841741,20,1,0,1
HG52,103.889755601478,1.38028262960107,17,2,0,1
HG54,103.884354743098,1.35664435394087,8,0,0,2
HG55,103.893212203787,1.37268343016966,19,0,3,0
HG60,103.891193802696,1.37900437795785,20,0,1,1
HG61,103.889154445419,1.37965402784891,18,1,1,1
HG62,103.888559587993,1.38082699622162,13,2,1,1
HG67,103.895817612403,1.37429266295628,18,1,3,0
HG68,103.891839516664,1.36992445116982,22,0,1,0
HG69,103.892969769849,1.36998074238663,20,0,1,0
HG7,103.887802968334,1.35365299945538,12,0,3,1
HG70,103.88850841193,1.37897356713733,20,1,1,1
HG76,103.8794732801,1.35181136707298,12,2,0,0
HG77,103.884244123071,1.37545419418646,22,2,4,0
HG78,103.883265934398,1.37677564618289,21,0,4,0
HG79,103.880491342577,1.37604807170911,20,1,3,0
HG89,103.894029022762,1.37784239036157,17,0,1,1
HG94,103.880647787738,1.38156100224904,11,1,2,0
HG95,103.890100184271,1.35397786722438,16,2,2,1
HG96,103.889769069391,1.35268125220462,14,0,1,1
HG97,103.894757411074,1.37122213787515,18,0,2,0
HG99,103.889047925116,1.34943469898558,12,0,1,0
J12,103.738260905311,1.34336292527639,12,0,3,0
J14,103.739079815316,1.34409384006792,11,0,3,0
J15,103.741417939618,1.34404181128829,10,0,4,0
J16,103.735643334707,1.34440108183756,18,1,0,0
J18,103.734845072165,1.34689075672887,14,0,1,0
J22,103.730198503029,1.35132035199711,11,0,3,0
J23,103.732015898337,1.35002832030992,10,0,2,0
J23M,103.732133239179,1.34901919084561,12,0,2,0
J8,103.741574039036,1.34043019431387,13,0,3,0
J9,103.74200092092,1.34212243516899,9,0,3,0
J90,103.74742951235,1.3415340869158,10,0,0,0
J91,103.744095552234,1.33746821392711,10,0,0,0
J92,103.74685494296,1.33749208904446,9,0,0,0
J93,103.745089676037,1.33919263062599,10,1,0,0
J94,103.743196941366,1.33967234147381,12,0,3,0
J95,103.747086884528,1.34007401884527,8,0,0,0
J96,103.744891612042,1.34147873751752,11,1,1,0
J97,103.745939532067,1.34238929484579,11,0,1,0
BBM2,103.749882248379,1.35086707070928,14,1,1,0
U12,103.749470272622,1.34696157183413,17,0,2,0
CK56,103.746670713406,1.40119604658902,18,3,2,1
CK57,103.74832374074,1.40223935360943,14,0,2,0
U51,103.74648387196,1.36484419185718,14,1,2,0
B59,103.925953420397,1.33745918527548,9,1,1,0
B60,103.929056697019,1.33719422176863,12,0,1,0
B97,103.923508078556,1.3361557898964,6,0,2,0
CC12,103.924925546873,1.32676609356985,16,2,1,1
SK39,103.898047911022,1.39622574807509,11,0,2,2
SK81,103.873275757069,1.39202752679738,17,0,1,1
PM10,103.962473964563,1.36674642147396,19,0,1,0
PM25,103.945608889804,1.37639013120977,18,2,1,0
PR7,103.957685082627,1.37100941211206,17,0,4,0
MR5,103.860791750421,1.30815550327494,14,0,0,1
MR6,103.860536501889,1.3071674063051,18,0,1,1
MR7,103.860392176939,1.30756288472617,19,0,0,1
SG1,103.861006321685,1.32322803353976,8,1,3,1
SGLM,103.860244091252,1.32269636245024,9,0,2,1
W4M,103.775983512441,1.44155853316856,22,1,1,0
W59,103.79460976303,1.43632415131671,22,2,2,0
W554,103.796221882812,1.43254056874261,18,2,2,0
W549,103.794934493561,1.4323004696114,19,2,2,0
W81,103.800040897897,1.44598033445771,14,2,2,0
SK28,103.895900763477,1.38700871926674,22,2,3,2
W586,103.794700111643,1.42917638316183,15,0,3,0
W588,103.794695520602,1.42821604929881,9,0,3,0
SK29,103.895389936708,1.38802257325323,21,2,2,1
W26,103.774286145774,1.43168432830208,21,2,3,1
W27,103.773910613583,1.43102519322858,18,1,3,1
PM8,103.960255942047,1.37163599021465,23,1,4,0
PR8,103.959574417605,1.37126784079512,21,0,4,0
SK69,103.87633404339,1.39250622481522,13,0,2,2
AH1,103.844619889146,1.3282834951094,15,0,2,0
BR14,103.8599834783,1.32595565072479,9,1,1,0
RC1,103.851553703748,1.32854680983719,16,2,0,0
TP12,103.85210696046,1.33402734061323,23,2,0,1
TP15,103.850833549681,1.33747939979042,21,0,2,0
TP20,103.844487573026,1.33102241988452,12,0,2,0
TP22,103.84404232076,1.33420093678636,13,0,2,0
TP3,103.851550224115,1.33534120557582,23,0,1,0
TP30,103.846332775075,1.34060580151967,16,0,1,1
TP34,103.852433347005,1.33798818324139,21,2,2,0
TP3A,103.854212580524,1.33951820590742,18,1,2,0
TP40,103.8567142389,1.33168719448209,15,0,1,1
TP41,103.858243815438,1.33196949486601,10,0,1,1
TP43,103.857237728843,1.33476607117635,16,2,1,1
TP48,103.856680739603,1.33757150556349,23,0,1,1
TP52,103.854539238308,1.34140865305921,14,0,2,0
TP53,103.855552432237,1.34244206576663,14,0,2,0
TP54,103.8564558559,1.34143888748493,13,1,1,0
TP60,103.85225868391,1.34016498987793,19,2,2,0
TP62,103.850461054489,1.34141970217028,19,1,2,1
TP63,103.849032778716,1.34176245418603,17,0,4,1
TP67,103.857110915851,1.33274927451194,15,0,1,1
TP7,103.848765172594,1.33980390179776,21,0,2,1
TP8,103.848451034647,1.33939174146461,18,0,2,1
TPB1,103.856606360961,1.33599469529042,21,1,2,1
TPM2,103.847087212616,1.33927020386543,17,2,1,1
TPM3,103.84223393405,1.33074900352219,12,0,2,0
TPM7,103.845921767372,1.33984970613382,18,0,1,1
TPM8,103.859285987542,1.33663525131957,13,1,1,1
TPM9,103.85778898075,1.33708128214439,17,0,2,1
TPMA,103.851133568611,1.33650365978024,23,0,1,0
TPMB,103.845225018665,1.33303316789673,14,0,2,0
TPMC,103.846160684481,1.34193589106359,13,0,0,1
TPMD,103.844911207877,1.33020807471111,15,0,3,0
TPME,103.849846832078,1.33844613342094,21,0,2,1
TPMF,103.845634356621,1.33510316947184,19,0,3,0
TPMH,103.857397865567,1.33202291961317,11,0,1,1
TPMJ,103.845480506878,1.33426620166979,14,0,3,0
TPMK,103.858571835925,1.33097690445774,9,0,1,1
TPML,103.858923212101,1.33822587574374,14,0,1,0
TPMM,103.858003729416,1.33901410303956,15,1,1,0
SK24,103.906757692769,1.39371438377114,10,0,2,1
HG17,103.88795773279,1.35767548484917,16,0,2,3
HG75,103.888997927559,1.35059159422799,16,1,2,0
HG86,103.880528039092,1.37466140613712,18,2,4,0
HG92,103.890070159767,1.36226721797069,20,0,2,1
Q86,103.803871868573,1.29456348168942,16,1,1,0
Q19,103.803258012943,1.29470100660581,19,1,0,0
MLM1,103.80353016873,1.29203196997694,19,1,0,0
STM1,103.803192714215,1.29026427746637,17,0,0,0
STM2,103.803702374662,1.28982909955491,18,0,0,0
STM3,103.803326495987,1.28982705125862,17,0,0,0
Q88,103.800559659921,1.29299056065761,12,0,0,0
Q8,103.799569339615,1.29420641437591,11,0,0,0
CDM,103.796791387904,1.30163640936241,12,1,2,1
PL16,103.909368325891,1.39860885740818,14,0,6,1
PL19,103.91010391092,1.39968477235422,17,2,5,1
PL24,103.908336043303,1.3995519599597,16,2,3,1
PL38,103.908633937631,1.40459923061911,16,2,2,0
PL50,103.899438217567,1.40141928943889,13,0,1,0
PL51,103.898676071658,1.40001043477765,6,0,2,0
CK2,103.751371651842,1.37925278068049,17,0,2,2
A28,103.837464288149,1.37164992828137,11,0,2,0
A31,103.843699944533,1.37045111927825,12,0,1,1
A44,103.858990508529,1.36720574327323,10,0,0,0
A27,103.838320651541,1.37036305154677,12,0,2,0
A75,103.838587719209,1.37608659148604,12,1,1,0
SE41,103.870212040334,1.3740476540994,13,0,0,0
A2,103.8430463972,1.36623705577412,12,1,1,1
A94,103.838315961401,1.37185982688331,12,0,1,0
HG1D,103.894113266095,1.36374338147203,16,0,0,0
CK54,103.749116700295,1.39813684066122,16,0,2,1
HE17,103.820388834268,1.28642306098842,18,0,1,0
SPS,103.836173086305,1.27509546125685,10,0,0,0
TB10,103.823207387956,1.27240638950472,17,1,0,0
TB11,103.823535472438,1.27061262622737,15,1,0,0
TB22,103.807581026218,1.2739113685399,12,0,1,1
TB23,103.815218908697,1.28134216910423,13,0,1,0
TB28,103.809112040994,1.27202504015115,12,0,1,1
TB4A,103.822440225255,1.27763438546742,13,0,0,0
TB6,103.822151287781,1.27395079722103,17,0,0,0
TB7,103.821399186795,1.2734514848823,17,1,0,0
TB8,103.820754852551,1.27264404756874,13,1,0,0
TBCM,103.821164224104,1.27748924450531,14,0,0,0
TE1,103.826454025893,1.28131371505722,11,1,1,0
YHS,103.837886726562,1.28650062476078,10,0,1,1
JM5,103.703142644426,1.33948512421211,17,0,3,0
JM6,103.701765028407,1.33921385729785,17,0,3,0
JM8,103.701502597934,1.34134425071934,22,0,3,0
JM9,103.696817871457,1.33865921209034,28,0,1,0
TJ27,103.721100787966,1.32700853151024,20,2,0,0
TJ29,103.722270338625,1.32808617733219,24,1,1,0
TJ30,103.722239185584,1.33010142380296,22,1,1,0
TJ32,103.72018296672,1.34004950117897,18,0,2,1
TJ33,103.723249816771,1.33710941440671,18,1,0,0
TJ36,103.72452979382,1.33620785548237,16,2,0,0
TP4A,103.855528974619,1.33927118972548,17,0,2,0
CV1,103.988178003273,1.38832916282799,9,1,0,0
CV3,103.986486857746,1.3899831182202,10,1,0,0
PM32,103.940098724303,1.37930677359829,20,0,2,0
PM33,103.939876700486,1.37708092374818,28,0,2,0
PM34,103.938711970245,1.37800060508488,26,0,3,0
Y19,103.838157529312,1.43776038348644,13,0,3,0
Y18,103.839511882843,1.43574736775592,13,0,4,0
Y26,103.833837477283,1.4128628780398,7,1,0,0
S28L,103.816755042661,1.45482008394059,16,1,4,0
CV2,103.987988947651,1.38990248276678,12,1,0,0
S30L,103.894830225379,1.39456170020888,13,1,1,2
SK30,103.895841288906,1.3937198420677,18,0,1,2
SK31,103.902565879637,1.39320822353683,19,0,3,2
SK38,103.894689419102,1.39477668017206,13,2,1,2
SK59,103.895842197654,1.39543366795859,13,0,2,2
W79,103.798480758915,1.44773111073719,11,2,1,0
W80,103.800342324831,1.44816656447766,14,0,1,0
W87,103.800230931571,1.43853971490302,21,0,3,1
W88,103.79871604274,1.43722094386654,22,0,2,1
W92,103.802055279631,1.43626063141348,14,2,3,1
SK94,103.88934469373,1.39636523046338,8,0,0,1
SD4,103.880241808196,1.31657834758382,16,1,2,1
PM12,103.965028903314,1.36490549297883,23,2,1,0
MP3M,103.915340815368,1.30435729553073,17,1,3,0
MP4M,103.914197193366,1.30399661367737,15,0,4,0
PM38,103.937242541609,1.37894758122381,25,0,3,0
EPL,103.83991265404,1.27716355346546,19,1,0,1
B86,103.935569332707,1.33072026322774,15,0,4,0
MP2M,103.912879569256,1.30363652103643,14,1,2,0
W15,103.77062793854,1.43819221924545,14,2,1,0
BE25,103.848308924927,1.35515436752457,11,1,0,1
BE33,103.844820061908,1.36017070046769,11,0,0,0
L1,103.875354556421,1.34950583183482,17,0,1,0
SE15,103.869410075435,1.35289492616618,18,0,3,1
SE17,103.867709440342,1.35171444093982,14,0,3,2
SE18,103.870464058918,1.35019748286145,17,1,3,0
SE19,103.873691231019,1.35474491340369,18,1,0,0
SE25,103.872723391519,1.34631024904111,19,0,1,0
SE26,103.874139816503,1.34896171117061,16,3,1,0
SE27,103.876248910456,1.34839475316674,18,1,1,0
SE28,103.873623257212,1.34819570615321,17,1,1,0
SE29,103.875799285299,1.34990268710401,17,0,1,0
SH2,103.836834522409,1.35204804643255,15,1,0,1
W43,103.772060881927,1.42950383336287,11,2,0,1
HG5,103.892310847027,1.36535531768289,15,0,0,0
W46,103.773675537477,1.42665709860261,7,1,0,0
TP68,103.859293715914,1.33113570422525,9,0,2,1
DUXM,103.841054070432,1.27697738131728,20,1,0,1
TP49,103.855742678862,1.33886960111805,19,1,1,0
TP50,103.854431021968,1.33887843309577,17,0,2,0
SI1,103.951317856423,1.34110943783859,13,3,2,1
SI11,103.959264906262,1.34517256975574,17,0,0,0
SI12,103.958928410002,1.34587026472634,15,0,0,1
SIM1,103.950453799399,1.34316454230576,12,0,2,1
SIM2,103.953919675225,1.34610646002625,18,0,1,0
SIM3,103.958166259779,1.34537017727271,16,2,0,1
T34,103.952685791078,1.34891162743918,13,1,3,1
T35,103.954237674,1.34888333062415,11,1,3,1
T4,103.949814199915,1.34542001811937,9,0,1,0
T75,103.950454434316,1.35932900322722,15,1,3,0
T80,103.954572976966,1.35979875237888,20,1,2,0
TM11,103.958524523388,1.35440037157986,17,0,4,0
TM12,103.957214672617,1.35579719337718,21,1,3,0
TM13,103.959100665781,1.35635709378831,15,2,4,0
TM14,103.930555271455,1.34905303164311,18,0,2,0
TM17,103.93800255053,1.35124984060529,16,0,3,0
TM18,103.938034919187,1.35239797131804,15,0,2,0
TM21,103.960473849462,1.35141332669889,7,0,2,1
TM22,103.962829488232,1.35226448656079,8,2,2,0
TM28,103.956864065813,1.36278018304416,10,0,2,0
TM29,103.959108803247,1.36068538613667,15,0,2,0
TM3,103.950564972012,1.36126278250314,7,0,3,0
TM30,103.936651408901,1.35687382979751,14,0,1,0
TM31,103.93665544861,1.35875185584681,16,0,1,0
TM32,103.935230703628,1.35953560238539,15,0,1,0
TM4,103.952161488768,1.36309522875171,8,0,0,0
TM49,103.953023689367,1.36397977606126,6,0,0,0
TM5,103.954159916815,1.36308620896222,9,0,1,0
PL23,103.903688630106,1.39976689659986,18,1,2,1
PL27,103.903072855177,1.39846314053228,13,0,2,1
PL34,103.907982473241,1.40386228061003,16,0,3,0
PL35,103.907293506747,1.40311932932595,21,0,3,0
PL37,103.909657140047,1.40323491375439,16,0,2,0
SI2,103.951915624375,1.34401147109406,14,0,3,0
SI4,103.952274930686,1.34485660470359,15,0,2,0
T32,103.950446506544,1.34894359580452,9,1,3,0
B28,103.935571078293,1.33254478953244,13,1,3,0
SIM5,103.952280480738,1.34252729033256,12,1,2,1
TWM1,103.757533021941,1.37915447657885,14,1,2,0
A52,103.846922547118,1.37038543265125,16,0,0,1
A53,103.846877308583,1.37086502270011,14,0,0,1
A54,103.845915354586,1.37243435950977,16,0,0,1
AM51,103.846698516497,1.36991500171885,15,1,0,1
B47,103.922247839024,1.33089591532676,9,0,2,0
B48,103.923421228438,1.33009592773121,15,0,2,0
J21,103.72986944795,1.34906412960563,12,2,4,0
SM9,103.836842743833,1.35549531170881,12,1,0,0
Q82,103.794301521516,1.31099818448544,11,0,0,1
HG2,103.892025512286,1.36291628162409,13,0,0,0
HG2B,103.882455838508,1.37552990726356,18,0,5,0
HG4,103.890983381569,1.3642304254368,15,0,1,0
GSM,103.898340096614,1.31720671424654,12,2,0,1
SK40,103.888403398056,1.39044675592908,19,2,3,1
SK41,103.887776160463,1.38872795405383,18,2,3,2
SK44,103.886380303698,1.3894943709639,14,1,2,0
SK48,103.891507801806,1.39020406555698,21,1,3,2
SK49,103.890455762722,1.39051302022713,21,2,3,2
SK50,103.892561232331,1.39327484933276,14,0,1,1
SK51,103.891476056772,1.39361251255771,16,2,1,1
KEM1,103.852514261709,1.30891669220001,8,1,1,3
BR8,103.854558341809,1.32516001102033,14,0,0,0
BR6,103.853535763071,1.32303882528804,11,0,1,0
BR10,103.854504305275,1.32301853949917,12,0,1,0
GSML,103.898488503854,1.31703122753822,12,2,0,1
CK53,103.750186309811,1.40155438849801,15,0,2,0
HG73,103.883551450112,1.37830445462563,18,1,3,0
W106,103.808478523258,1.44293575836425,11,0,0,0
W104,103.807538591277,1.4439746500165,15,1,0,0
W105,103.808859302818,1.44466730324452,13,0,0,0
CK10,103.745434865984,1.38050475322052,23,0,2,3
CK9,103.744917810056,1.38149597378861,23,2,1,2
EC2,103.904442125182,1.32261572825632,7,0,1,1
EC3,103.904475815315,1.32115673411842,9,2,1,1
EC4,103.902692444354,1.3205164562707,8,0,1,1
ECM,103.901627136971,1.32002998785529,8,1,0,2
M33,103.882172671008,1.32324579235415,12,1,2,0
CK59,103.742038134687,1.37681191740049,18,0,1,0
CKM9,103.743296588946,1.37736519160234,17,0,1,0
W782,103.803571681533,1.44820517785038,13,2,1,0
SK5,103.902745069894,1.38767848783983,22,0,3,2
PL18,103.914316515023,1.39609284747614,13,1,3,2
PL21,103.915465751868,1.39497078479515,10,1,2,1
PL43,103.903095832737,1.40171439855035,19,0,2,0
PL59,103.898760672691,1.40810932165348,7,0,0,3
PL52,103.901460526848,1.41019511808862,2,0,0,1
PL65,103.899722789586,1.40976244792462,4,0,0,1
W12M,103.772203770859,1.44464074999516,12,0,0,0
W93,103.802591624688,1.43778289887642,15,1,2,1
PM26,103.943992740232,1.37386757289494,17,1,1,1
BJ14,103.773529063422,1.37898693779582,12,1,2,3
BJ15,103.773781887133,1.3774944817505,13,1,0,4
BJ16,103.773620310876,1.37750651657188,13,1,0,4
BJ23,103.772951089319,1.37763455117533,16,0,2,4
BJ44,103.764986793479,1.38064894111593,31,0,1,1
BJMP,103.773515233385,1.37776642353482,14,1,1,4
SG4,103.863103594292,1.32330785363861,8,0,2,1
Y12,103.832471548396,1.43679674273868,14,0,3,0
EC7,103.901625746783,1.31778370321915,10,0,0,2
Y62M,103.844446905077,1.43024891305376,13,1,1,0
Q68,103.799004671473,1.30687742619609,6,0,0,1
Q65,103.798753854211,1.30552382045633,10,0,1,1
SK89,103.88854798239,1.39486967338794,12,2,2,0
AR1M,103.783666774324,1.30284868402082,8,1,4,0
A35,103.854081474114,1.36864639260533,17,0,2,0
A45,103.85523049601,1.37091769306746,17,0,2,0
A48,103.85465226093,1.37037128145781,19,0,2,0
A64,103.853473517272,1.37050658461092,15,1,2,0
TB19,103.808710412968,1.27466469119481,14,1,1,1
Y5,103.832107583229,1.4311145317303,18,1,4,1
Q77M,103.792015554458,1.31159320403215,15,0,0,1
Q80,103.792701706885,1.30853648140917,20,2,0,1
Q85,103.792045670383,1.30823459104465,17,0,0,1
W570,103.790031562115,1.43090381012399,20,1,3,0
TB17,103.81301980698,1.27481485722614,11,0,0,0
TBM5,103.811751539665,1.27499850707926,16,0,1,0
TBM6,103.811111374753,1.27333300146065,16,1,1,1
TBM7,103.810835773813,1.27626612034828,14,2,1,0
PM23,103.949503747712,1.36868175530225,12,1,2,1
PR13,103.94961882877,1.36947638581768,15,0,2,1
SK95,103.889857180532,1.39797033515332,4,0,0,1
SK90,103.892357868446,1.39485243631415,10,0,1,1
EC8,103.903208105127,1.31922686482178,10,1,0,1
Y6,103.834194128217,1.43252304235201,17,0,4,1
Y58,103.832382505589,1.43253924851552,16,0,2,1
A87,103.857884237373,1.36682635874641,11,0,0,0
A41,103.85693260005,1.3649369353058,9,0,0,0
A42,103.857363892393,1.36658018162896,10,1,0,0
HG19,103.884152973456,1.35278500636343,7,0,2,1
HG20,103.886427478538,1.35028350723647,9,0,2,0
HG23,103.891546334091,1.3575125780005,21,0,2,0
W82,103.801607108654,1.44451438007695,13,0,2,1
W95,103.801780568992,1.44417295541564,14,0,2,1
SB33,103.827432868251,1.45121389794192,14,2,0,0
Y41,103.83993155851,1.43013540670031,19,0,2,0
Y41M,103.840884831441,1.43075030873334,15,0,2,0
J6,103.73885142891,1.33906810004769,16,1,2,0
J7,103.738033149612,1.34154387290369,15,1,2,0
W85,103.7991013604,1.43409757803552,16,1,2,0
SK85,103.878137262843,1.39424024897645,11,0,2,3
SI10,103.957123220528,1.34556997906984,16,2,0,1
SI6,103.955625430728,1.34690182457404,13,2,1,1
SI7,103.956292202956,1.34742968430817,12,0,0,1
SI8,103.957122100942,1.347209306794,11,2,0,1
SI9,103.955439461755,1.34577534749283,18,2,1,1
T20,103.947360277878,1.35621450944085,18,2,4,0
T30,103.949415584102,1.35106398143595,14,0,4,0
T31,103.947978706942,1.35112353635064,14,0,5,0
T79,103.954469441427,1.35741276397952,21,0,3,0
T81,103.957967543894,1.3603298279116,16,2,2,0
TM15,103.952223701669,1.35773062477325,19,0,4,0
TM16,103.950231132901,1.3557548071635,22,0,4,0
TM44,103.956316850271,1.35920002462405,19,0,2,0
Q17,103.803824603279,1.29620634646065,18,0,1,0
Q96,103.804405250075,1.29534716692892,18,0,1,0
HG74,103.888070508009,1.35082019071605,13,0,2,1
B41,103.931492866046,1.33255491802081,16,1,4,0
B43,103.927603397773,1.33110518654351,21,0,1,0
B46,103.924181951894,1.33132122440174,15,1,0,0
B49,103.926668207172,1.33218576654184,17,1,1,0
B72,103.907389773807,1.33437705959754,12,0,0,0
B73,103.906967246152,1.33249226785226,15,0,1,0
B74,103.909055262719,1.33284685312311,14,2,1,0
B7B,103.934840004069,1.32652150175342,8,0,2,0
B83,103.922271294732,1.32646901354951,13,0,2,0
B85,103.941357842004,1.3260802458198,10,0,4,0
B94,103.929357438698,1.33226016581532,16,0,2,0
B94A,103.929179189478,1.33130362773806,18,0,2,0
B99M,103.922761343933,1.32748807507333,12,1,2,0
CC1,103.922911429628,1.32662127065844,16,0,2,0
CC10,103.925576815854,1.32868573161472,15,0,0,0
CC11,103.921634031442,1.32909586074477,8,0,2,0
CC4,103.921387530793,1.32576153824278,11,0,2,0
CC8,103.919441172637,1.32689548824242,7,0,2,0
CC9,103.925995094557,1.32772011619967,17,3,0,1
PL10,103.910306193958,1.3966475919364,11,0,5,2
PL11,103.908650550161,1.39811441283673,18,1,5,1
PL28,103.906516042332,1.40200920367078,25,0,3,1
BR4,103.855421378064,1.32357725963978,11,0,1,0
Q75M,103.793698878344,1.3083119292817,17,1,0,2
C18A,103.764186978243,1.31175608147154,15,1,2,1
C16,103.762481571671,1.31431392669284,12,0,2,1
C18,103.763374420869,1.31227166290931,14,1,2,1
AR2M,103.781674489325,1.30473889283041,7,1,4,0
AR7M,103.785192003839,1.30477137726805,11,0,3,0
W68,103.800522166794,1.4414225381608,18,2,2,1
BL15,103.707562203036,1.34597151975416,15,0,0,0
Q16,103.803716679746,1.29693372572578,17,0,2,0
T26,103.949098205839,1.35222092781116,17,0,3,0
T27,103.948191326775,1.3530053637216,15,1,4,0
T28,103.949398406629,1.35422923400605,18,0,5,0
T29,103.950960594757,1.35396876513551,20,1,5,0
TM8,103.957204284652,1.35150069169546,12,0,1,1
PL47,103.900916328431,1.40062697761417,12,0,1,0
PL49,103.900391802806,1.39931853624636,8,0,2,0
J19,103.733956631501,1.34792579202609,15,0,1,0
J24,103.73106093441,1.34573255581259,14,0,2,0
J25,103.731645631935,1.3448639686521,13,1,1,0
J26,103.730596824331,1.34492185975892,13,0,2,0
J64,103.731852359934,1.34447334583006,14,1,1,0
B19,103.940960967934,1.32192454600515,14,0,3,0
B44,103.927508774672,1.33397125144351,13,0,1,0
SK27,103.903605711018,1.38511645208842,16,1,1,2
TE13,103.830574556754,1.28322665997149,8,0,0,1
SK96,103.878250935839,1.39291336961714,11,0,1,2
AR2L,103.781154655174,1.30591323446221,11,1,1,0
A10,103.844524015177,1.36863298161408,11,0,1,1
A8,103.843307711467,1.36875607099323,11,1,2,1
B95,103.935082729463,1.32551298026985,8,3,2,0
B96,103.932951608324,1.32496629034656,13,0,0,0
AV1,103.803215264159,1.28558255499231,9,0,0,0
H4,103.829371405368,1.28809389693211,14,0,0,1
H17,103.827857105147,1.28816785759222,10,0,2,1
H18,103.826978815376,1.28898974053376,15,0,2,1
Y16,103.839438288842,1.43306208670149,17,0,3,0
S102,103.907600114193,1.38927397380214,14,0,0,2
BKE1,103.851596339235,1.30781893058318,7,0,1,2
BKE9,103.851463797291,1.30733721264767,9,0,0,2
Y17,103.841161068349,1.43506344390225,14,0,4,0
JM16,103.702123027935,1.33721556366032,17,0,2,0
JM17,103.704086128099,1.3353138254513,15,2,1,0
SK67,103.897095767036,1.38194789824095,15,2,4,1
PL36,103.906223056365,1.40601975747575,16,0,1,0
SK65,103.897005879401,1.38364718364384,19,2,3,1
SK64,103.895742240925,1.38439098689015,22,0,2,1
CR1,103.863307722528,1.30327083630095,18,0,0,2
BBB,103.853663206401,1.29658002772561,27,2,1,3
BM31,103.816575026007,1.28244913006554,12,0,2,0
CSM,103.841165206315,1.28743807416102,11,0,1,1
FRM,103.861364662207,1.30875863304829,15,0,0,2
GE1B,103.88699247956,1.32120544280365,8,0,0,0
GE1C,103.886299124281,1.31975878966894,9,1,2,0
GEM,103.887602667282,1.3200368136063,11,0,0,0
HG15,103.886712167765,1.35896083834094,15,0,2,3
HG16,103.888091510667,1.35972645083626,16,2,2,2
HG25,103.886889853111,1.35982733896297,13,1,2,2
HG37,103.887370667643,1.3730086329161,25,1,3,0
HG38,103.889698588937,1.37252086265299,23,0,2,0
HG45,103.886129966203,1.3759038270818,20,0,5,0
HG46,103.886962969499,1.37585784771058,22,0,3,0
HG88,103.888599954832,1.37600260147811,20,1,3,0
HG9,103.884519896711,1.35891053291104,11,0,0,2
HG9T,103.885238659407,1.35864838757239,13,1,0,3
JCM,103.898856003231,1.31525295135647,11,0,0,0
JCML,103.898634578236,1.31515507696531,9,0,0,0
K10,103.884416451002,1.30941536478301,11,0,2,1
KAM,103.843268627196,1.28192592112832,18,0,0,2
KAML,103.843257637828,1.28233016234097,17,0,0,2
KM1,103.883946141596,1.31011214101288,11,0,1,0
MP14,103.906950687308,1.30254517580666,9,0,0,0
MP15,103.905978614516,1.30268247218683,10,1,0,0
MP16,103.906657805469,1.30198058088432,7,0,0,0
MP19,103.906348584329,1.3013118624384,7,0,0,0
PR3,103.950715630263,1.37106342287556,16,0,2,1
PR6,103.957594005062,1.3693790590205,14,0,4,0
PRM,103.842270008062,1.28545036782062,16,1,0,2
SIM4,103.953546384048,1.34359318291135,17,0,2,0
T55,103.945251948639,1.35629474946784,14,2,2,0
TAM1,103.945951876379,1.3551798764167,15,0,2,0
KE1,103.908906090884,1.32975277962478,11,0,1,0
EI3,103.898379671788,1.31884646728076,9,1,0,1
HR1,103.8975454497,1.31146263547137,12,0,1,0
HR2,103.897028708757,1.31263245735629,13,0,1,0
HR3,103.896387655711,1.3139801309431,18,0,0,0
HR4,103.896001387062,1.31469240617583,16,0,0,0
HR5,103.895099323358,1.31301864605194,15,1,0,0
B24,103.938294622262,1.33264716030701,12,0,5,0
B25,103.94049034285,1.3329691187717,8,0,3,0
B69,103.941970736194,1.33342618363755,8,2,3,0
T77,103.952774960656,1.36167764999293,10,2,2,0
TAM2,103.953155104096,1.36029333438921,18,0,3,0
BJ25,103.771725184279,1.38489913010468,8,0,3,1
BJ26,103.772699379228,1.38380907430643,8,0,2,1
BJ62,103.771396322017,1.38426862537457,12,1,3,1
TWM2,103.756576724386,1.37963665953809,12,1,2,1
HG87,103.877863195679,1.37592092826308,22,0,2,0
HG90,103.877843513769,1.37788142057996,19,0,1,0
HG91,103.880220120928,1.37801749594513,21,0,2,0
SD11,103.879448766348,1.31638569035146,16,2,2,1
BRM,103.86617287009,1.32074720245893,11,0,1,1
B23T,103.939978302879,1.33229910764382,8,0,3,0
W94,103.801345107114,1.44025155735181,21,1,3,1
JM21,103.697177926768,1.33707456670612,26,2,1,0
JM24,103.698059830317,1.33528748430355,20,2,2,0
T43,103.934334117545,1.35115138241597,18,2,3,0
T44,103.935373329347,1.35071222526861,18,0,3,0
T45,103.935205836695,1.35306640946916,18,2,3,0
T46,103.936530325547,1.35249762189397,16,0,3,0
TM19,103.959344863584,1.35734265491577,13,0,3,0
TM20,103.961021492098,1.35814271798811,11,0,1,0
BR9,103.850743087122,1.31896256962333,12,0,0,0
Q73,103.800391665527,1.30625330850682,9,1,1,1
Q70,103.800549271792,1.30734607061153,8,0,0,0
Q67,103.800543340032,1.30717281236323,9,0,0,0
J66,103.6911289087,1.34129803939305,21,4,2,0
J67,103.692762268071,1.34164398851553,27,0,0,0
J68M,103.691922476185,1.34205592994139,22,2,1,0
PP6,103.867614650814,1.33228373597578,14,2,2,1
SIM6,103.958943720412,1.34296645518745,18,0,0,0
KJ1,103.852041216531,1.31363383389436,11,0,1,1
KJ2,103.850679945965,1.31325065452072,13,1,1,1
B26,103.940340587255,1.3343079867729,7,0,3,0
B27,103.938038135209,1.33411774698927,10,0,4,0
GMLM,103.785820620833,1.30872831200927,12,0,0,1
GM2,103.788160078779,1.31160140288265,13,1,1,0
GM3,103.788853078971,1.31115590464674,11,1,1,1
GM5,103.788510835534,1.31038185297431,10,0,1,1
GM2A,103.787236194004,1.3109380789366,11,1,1,0
GM6B,103.78765231793,1.3096110710679,11,0,1,1
KJM2,103.852047211502,1.31167934445338,11,0,1,1
HVM,103.827718371206,1.2898694822057,14,1,1,1
T1,103.946233605618,1.34739572349439,7,1,2,0
T3,103.947432831127,1.34659813245615,7,0,1,0
T7,103.945805403672,1.34546969683802,4,0,1,0
T8,103.944190073287,1.34641423073224,7,0,3,0
KJ3,103.84993059474,1.31442661586661,12,0,1,0
KJM1,103.848876156208,1.31604597714886,14,0,2,0
KJ4,103.851470185181,1.31658690794699,12,1,1,0
CVBK,103.861027597963,1.31651643285494,18,0,0,1
BKRM,103.861368095199,1.31727630326976,16,2,0,1
U52,103.74501700593,1.34460769567205,13,0,2,0
CK62,103.749889943228,1.40383948632484,11,0,1,0
CK63,103.750884316164,1.40286350152128,14,1,1,0
CK64,103.75130299875,1.39976283413898,19,0,1,1
P8,103.910913906771,1.39422844623806,7,0,3,1
P9,103.912537458296,1.39292391841249,6,0,3,1
PL53,103.898210924182,1.40527653264689,13,0,0,2
RC2,103.853070634171,1.32768774675285,15,0,0,0
RC3,103.854564124589,1.32828554367791,12,2,0,0
SK66,103.906938482567,1.39166684156152,13,2,3,2
BRM1,103.856728963114,1.32648548770427,9,0,0,0
Y36,103.837989684201,1.42130383905766,16,0,2,0
CK11,103.741868946579,1.37873382347566,22,1,1,0
CK35,103.742397276147,1.39032696938279,12,0,1,0
K19,103.88930362342,1.30786229262222,10,0,3,1
SK18,103.904550985197,1.39467896998938,14,0,3,1
J17,103.735473428565,1.34566907984603,18,0,1,0
J20,103.73247644634,1.34620383801518,17,1,1,0
HE9,103.82119375672,1.28370736573151,17,0,0,0
JM20,103.70095646555,1.33537708620504,15,2,2,0
PM24,103.951315318991,1.36718517991143,10,1,2,0
PR14,103.951492698769,1.36668608880898,9,0,2,0
BRM5,103.859485855902,1.32754382777062,8,0,1,0
BRM6,103.861193389366,1.32778311379668,7,0,1,0
H6,103.828983586893,1.29136966413203,15,1,0,1
P7,103.906470152887,1.3954279668974,15,0,2,2
CK58,103.744879077826,1.40188001041078,9,0,2,0
W11,103.772711450215,1.44226671440428,18,0,1,0
W11M,103.772856586806,1.44272407375928,17,0,1,0
BJ13,103.774778801776,1.37700362248509,10,0,0,4
C11,103.766141636674,1.31589498981238,15,0,3,1
C29,103.759231789666,1.3126146115238,9,0,3,0
C30,103.761421070253,1.31145809738229,10,0,4,0
C31,103.760599082471,1.31056319446036,12,0,2,0
C33,103.766857618002,1.30455943796697,12,0,3,0
C34,103.760936270154,1.30701031530639,11,0,2,0
C35,103.761439225623,1.30561230241375,13,0,1,0
C36,103.763557421214,1.30530967452117,14,0,2,0
C37,103.76397169773,1.30353831712631,12,1,2,0
C38,103.76252679036,1.30280666781867,13,1,1,0
CKM2,103.746725688793,1.39832524590191,17,1,1,1
CTM1,103.764072923184,1.31474466503457,16,0,3,1
JMB2,103.826795600075,1.28513514427867,12,1,1,1
JMB3,103.825598528081,1.28259629107526,14,0,1,0
U11,103.743303206045,1.34742091712256,14,1,3,0
U7,103.742092661761,1.34870766411204,13,0,2,0
U8,103.741894601901,1.34716197857885,11,1,4,0
A49,103.857797087664,1.37132960595493,12,0,1,0
A76,103.838834804976,1.3779771118917,17,0,1,0
U50,103.755651705318,1.34734194533605,25,0,3,0
T57,103.933069363256,1.35074674066928,20,2,4,0
T78,103.951211072332,1.35767731004955,18,0,4,0
PM43,103.933146993525,1.37717707661931,14,0,2,0
PM44,103.93329952864,1.37596561826745,13,0,2,0
T73,103.946922166286,1.35808555961423,14,2,4,0
BKE4,103.856840971673,1.3144503701412,16,0,0,1
W69,103.799803321204,1.4447277856227,18,0,2,1
PL12,103.909406127335,1.39237066672848,7,0,1,2
PL13,103.910389404451,1.39358865548908,6,0,3,1
SK46,103.885111381814,1.39219919573459,13,0,1,0
SK47,103.885182323922,1.39035811938099,11,3,1,0
JSA1,103.725212881021,1.34841785178212,13,1,4,0
TJ39,103.723318838299,1.32783750029778,20,1,1,0
TM6,103.956349382379,1.35324781420576,15,1,2,1
TM7,103.957625161004,1.35280896665625,13,0,3,1
AR7L,103.785591136571,1.30580772056187,10,0,2,0
CK75,103.744508263159,1.37498244032996,8,0,1,0
CK76,103.746206737981,1.37404045168071,4,0,0,0
W70,103.796809140252,1.44451122279255,17,1,3,0
W74,103.796353530284,1.44321559797015,20,1,3,0
CK65,103.744035897855,1.39201946089182,14,0,2,0
SB1,103.822057279141,1.44648028701205,21,1,1,1
SB6,103.822555133907,1.44534120088779,19,0,1,0
TBM,103.810668702176,1.27179128599522,13,0,0,1
B81,103.934942552253,1.32321112398477,8,0,2,0
B92,103.933935095136,1.32169739418449,10,0,1,0
Y34,103.836175664241,1.42081820042036,21,0,1,0
Y34A,103.836065605851,1.41926926937356,18,0,2,1
B67,103.906394759454,1.33201577208614,14,0,0,0
T74,103.948213461328,1.35941422020648,13,0,3,0
TM10,103.960255096658,1.35335364637941,12,2,3,0
TM9,103.959093065887,1.35334541157381,14,1,3,1
SE12,103.873089062726,1.35784385747932,13,1,2,0
CK70,103.738146490105,1.37693325727702,18,1,2,0
CK71,103.738680846275,1.37668780291728,18,1,2,0
CK77,103.746713680249,1.37655723164178,13,2,0,1
SK34,103.901970849034,1.39668094964829,14,0,3,1
SK35,103.899843568647,1.39519357112563,12,2,3,1
B21,103.941046487191,1.32817796290961,10,0,1,0
W517,103.791519251394,1.43414458310892,21,1,2,0
TM33,103.936071948324,1.35636366733008,14,1,2,0
TM34,103.933432902076,1.35721980974478,19,0,2,0
B89,103.937265461444,1.33095917888919,13,0,2,0
Q94,103.800561105473,1.30763780793456,8,0,0,0
W20,103.774750282009,1.43503803057198,18,1,2,1
Y40,103.836718182701,1.41484769673315,11,1,3,1
A100,103.842602544842,1.37798747319494,18,0,4,1
A73,103.840824696696,1.37884818913778,18,1,3,0
A74,103.843804663727,1.37865168028373,19,1,4,1
Q66,103.799497347263,1.30670478972223,7,0,0,1
TM35,103.934139274531,1.35991484787533,16,1,1,0
BL22,103.713749878244,1.34254350597189,16,2,1,0
JM32,103.708080854042,1.34159993427188,19,0,0,0
PL17,103.916388873979,1.39871729077093,9,1,2,1
PL20,103.915195893025,1.39955586658796,12,0,3,1
PL22,103.915911247993,1.39773989829187,11,0,3,1
PL26,103.915303231434,1.397283842157,12,2,3,2
BLM,103.860958732701,1.31550644016375,16,1,0,1
HG71,103.886373932381,1.3777026962815,22,1,2,0
TM23,103.962181061755,1.35466148603047,10,0,2,0
TM24,103.96144236094,1.35541794839483,13,0,2,0
W108,103.775303827882,1.43158259367513,19,1,3,1
JM2,103.704963603949,1.34393554031555,19,0,1,0
JM3,103.706066836487,1.34458904715404,15,2,0,0
JM4,103.703912720289,1.34444189385743,18,2,1,0
JM11,103.704148956379,1.3417967899715,19,0,1,0
JM26,103.703133742984,1.34557254720718,16,2,2,0
JM27,103.704584463293,1.34630476736012,19,1,0,0
SK55,103.907769441922,1.38714443685951,14,1,1,1
UBM1,103.87262135331,1.31264166397819,13,1,0,1
KB18,103.865733514169,1.32270330074355,10,1,1,0
KB20,103.866442594153,1.323749477342,9,0,1,0
W578,103.796691751178,1.43136379399137,16,1,2,0
W579,103.795534460419,1.43104284628881,18,0,2,0
Y45M,103.842629836738,1.42750262510684,15,0,1,0
HG42,103.883417939939,1.37416103651208,20,2,5,0
KE2,103.91055534078,1.33252872343727,14,0,1,0
KE4,103.91324610644,1.33366709981488,15,0,1,0
BJ29,103.76768309161,1.38493809213445,16,0,2,2
T72,103.945610152353,1.35809417838046,11,0,4,0
A4,103.841192165018,1.36569162058714,14,0,2,0
A24,103.849397652774,1.3647534118811,9,0,2,0
GEML,103.887849792912,1.31993774229849,11,0,0,0
W509,103.789301982868,1.43328519334465,18,0,4,0
W516,103.79077629023,1.43416734934326,19,0,2,1
HG1B,103.90068924136,1.37572084272882,15,2,2,0
BJ24,103.770468267524,1.38326748382288,12,0,4,2
BJ27,103.77095043939,1.38264053838856,12,0,3,2
B11,103.930396179923,1.32834200532456,19,2,1,0
W86,103.801149557163,1.43736183702301,18,1,3,1
W89,103.798554331589,1.43584277989254,22,0,2,0
BJ66,103.757702613356,1.38624857618507,13,1,4,1
BJ67,103.757982903601,1.38734995596946,13,0,1,1
TB18,103.80981167434,1.27651227201785,12,0,1,0
TM48,103.934141427589,1.34707827410843,15,0,3,0
AR1L,103.782631779204,1.30387671852445,9,1,4,0
PL56,103.911729861973,1.40706997946263,4,0,0,0
PL60,103.913258103515,1.40582299864475,4,0,0,0
B50,103.913066561269,1.33044709072511,10,0,1,0
W71,103.798988485898,1.4431865217488,19,1,3,1
PL61,103.908889866747,1.40611490251331,11,0,2,0
PM21,103.949415425402,1.37119698231594,18,0,2,1
Y43,103.84109893131,1.42889947411052,16,1,1,0
B54,103.915203736712,1.33336374406705,11,1,0,0
B91,103.914252333368,1.33279732392796,10,0,1,0
B57,103.919019270987,1.33584339449304,9,1,1,0
TJ35,103.722484004596,1.33290063873656,21,1,1,0
TJ38,103.72177968692,1.33231356853451,21,0,1,0
BL17,103.707740695355,1.34787124144777,13,0,1,0
P13,103.750407846118,1.32069015976828,11,0,0,0
PL66,103.90836953102,1.39358329221585,10,0,2,2
HG12,103.89816102898,1.36669512748577,11,0,0,0
HG13,103.89856384493,1.36783518635272,10,1,1,0
HG14,103.896427660211,1.3691978333066,14,0,2,0
DWSV,103.809616856263,1.29530679539566,14,0,2,0
T48,103.932849992234,1.35388683839537,18,0,1,0
TM45,103.933002997236,1.35534741724517,15,1,2,0
B40,103.932770145165,1.33254994763877,17,0,4,0
W527,103.792556209657,1.43197059240799,18,0,2,0
W536,103.791523601158,1.43113915337607,19,1,3,0
T76,103.95164211871,1.36016774021234,15,0,3,0
KE3,103.911959574832,1.33390932287428,14,0,1,0
W676,103.800732520636,1.43976226078196,18,1,3,1
PR2,103.955442789512,1.36727480254758,11,0,2,0
Y25,103.831008503457,1.41669406192028,10,0,2,1
Y25M,103.832653046118,1.41771289497017,12,1,2,1
HG34,103.881503147646,1.36994247153842,13,1,3,0
B79,103.937406609969,1.33677615545002,8,0,3,0
HG35,103.888963691121,1.36648972259699,16,1,1,0
SE37,103.874888967537,1.37158755114196,21,0,2,0
SE42,103.875104698517,1.37087973961596,18,0,2,0
SE43,103.875682405197,1.37049462678183,18,0,2,0
PL54,103.895344321078,1.40450622624479,9,0,0,2
PL55,103.896841568666,1.40540480563453,11,1,0,2
PL62,103.895528431952,1.40553392641685,10,0,0,2
KU2,103.904345176141,1.32767354997167,11,0,3,0
KU3,103.902451558761,1.32642143793341,10,0,3,0
KU4,103.900051359044,1.32555472197347,7,0,2,0
KU1,103.903083810763,1.32949535487453,14,0,2,0
KU9,103.901089804676,1.32990812718714,12,1,2,0
BR11,103.858964377234,1.32626183868431,10,0,1,0
BR12,103.857718270558,1.32721507960026,9,1,1,0
HG24,103.891691698628,1.35979810733998,20,0,2,0
HG29,103.899080520091,1.37234227117385,14,1,3,0
CR6,103.863352720563,1.30552432796977,16,1,0,2
SB17,103.823689954072,1.45090811422822,19,0,1,0
SB20,103.822508018528,1.45027173257182,26,0,1,1
SB25,103.824786964921,1.45019005935565,18,1,1,0
SB32,103.826377213872,1.45023753397903,11,2,0,0
KE3M,103.911410062649,1.33402114153984,13,0,1,0
BL23,103.711579812048,1.34956058852667,15,2,2,0
TM50,103.931119643904,1.35644833044521,11,1,1,0
PL57,103.91468720452,1.40192086453342,7,0,1,1
PL58,103.916790732652,1.39991483946419,8,2,1,1
SD1,103.877083273246,1.31657267803069,11,0,0,0
PR10,103.95718283418,1.37373895609407,16,1,4,0
PM20,103.947456031696,1.36804163341359,10,0,2,1
P16,103.747164805137,1.31988238059282,17,2,1,0
T12,103.945764607036,1.35108600994213,16,0,3,0
T13,103.945738735296,1.34902398735231,11,0,2,0
CAM,103.798205658094,1.30182105743131,12,2,3,1
CKM7,103.7370709373,1.37597355992316,14,1,1,0
CKM8,103.73836209062,1.37504997521881,13,0,0,0
HG1C,103.903674328175,1.37738968392648,9,1,1,0
W56,103.791467354577,1.43815995260951,21,2,3,1
W889,103.793620569801,1.43801245617434,23,0,2,0
W887,103.794703258874,1.43757371475228,23,2,3,0
MNM,103.859835382153,1.32104215479573,12,0,2,1
T25,103.947107974785,1.35267075931803,18,2,3,0
W505,103.791604594903,1.43213756048175,19,1,3,0
PM15,103.961677110328,1.36416013372386,16,1,1,0
A59,103.858139784101,1.37389622141273,14,0,2,0
BJ21,103.77067200119,1.3859447799989,9,0,2,2
BJ63,103.770291143406,1.38131551055787,17,0,2,3
PM4,103.961442713585,1.37410591914786,15,2,3,0
PM5,103.962608012823,1.37377035307139,14,0,2,0
PM2,103.961012850461,1.37007306561966,24,0,3,0
PM9,103.961216061629,1.36829196705909,23,0,3,0
PRS1,103.960326337703,1.36801715637777,21,0,3,0
W76,103.79510174281,1.44491812645675,16,0,2,0
W77,103.793898461441,1.44606060623527,11,1,1,0
W78,103.796026209299,1.44659302946083,14,0,1,0
PM22,103.952213742156,1.36856243123649,12,2,3,0
PR12,103.952682971027,1.36871369042144,13,0,4,0
DWST,103.811970727741,1.29521624071411,17,0,2,0
Y51,103.847065477365,1.42150305214767,10,0,1,0
Y51M,103.845569186953,1.42274315056858,13,0,1,0
Y53M,103.846016397529,1.42292400010921,13,0,1,0
Y59M,103.849175929833,1.42227374737018,7,0,1,0
Y60M,103.848119478812,1.4211373154277,6,1,1,0
Y61M,103.847588241365,1.42008794650537,6,0,1,0
T24,103.947278978959,1.35443532638861,21,2,3,0
A7,103.841301754389,1.36839248702169,11,0,2,1
A36,103.85527878733,1.36640712809735,11,0,1,0
A47,103.859246608911,1.37055816705133,12,0,1,0
PM35,103.938641390536,1.38076951171708,20,0,1,0
P14,103.749175401077,1.31935361778841,13,1,1,0
P15,103.748148176571,1.31983482254603,15,3,1,0
P17,103.747383966704,1.31882146748239,14,2,1,0
T11,103.943316985097,1.35082620611183,15,0,3,0
T9,103.943646711498,1.34781633164446,8,0,4,0
C21L,103.767041660449,1.31101493967165,14,2,1,0
A51,103.834375345023,1.36947073929344,13,0,1,0
AM19,103.834531023822,1.36888619793395,14,0,1,0
W8M,103.776347628619,1.44018256719372,23,2,2,0
CK14,103.742528739317,1.38014102336009,23,2,2,0
SMM,103.807582225673,1.29332243274382,16,2,1,0
W103,103.797335902769,1.44574602478503,14,2,2,0
W109,103.797336739079,1.4450222780478,17,1,2,0
W75,103.795578991049,1.44330460166716,18,1,3,0
W53,103.791433316799,1.4444941527407,14,0,3,0
W72,103.801916041393,1.44262593578408,19,2,3,1
W73,103.803769690309,1.44331088326137,18,0,3,1
T49,103.931430000358,1.35199088043568,18,0,2,0
T49A,103.933418410936,1.3514152142057,17,2,4,0
PR4,103.954520488734,1.37293464607517,14,0,3,0
TBC2,103.820689635219,1.27574305818463,13,0,0,0
Y32,103.838599330168,1.41748547950358,12,1,4,0
Y31,103.836740850423,1.41666436849626,17,0,3,1
BJ19,103.768383898129,1.38403375882411,16,0,1,2
CK15,103.74091199128,1.37842620970632,23,2,2,0
CK6,103.75310558123,1.38073269776225,16,0,5,1
CK6A,103.75313692681,1.38103539194019,14,1,5,1
P11,103.748355858004,1.32120421442687,15,0,1,0
PM46,103.938386988729,1.37322458688351,15,0,3,0
HG1A,103.901785147268,1.37866384738534,12,0,2,0
HG36,103.887603859003,1.36611854778553,14,0,1,0
HG53,103.890703118706,1.3708718261552,22,1,2,0
HG56,103.890122260121,1.37120325144932,24,3,2,0
HG80,103.879067512978,1.37419013088176,20,1,4,0
Y68M,103.844595914287,1.41839649697849,6,0,1,0
W90,103.800114279597,1.43410604252258,15,0,2,0
W91,103.801164504502,1.43510594557269,12,2,2,0
DRM1,103.811543491955,1.28051315604576,9,0,0,0
DRM3,103.809867913107,1.28083837699378,9,0,0,0
DRM4,103.812365949738,1.28087065205458,9,2,0,0
DRM5,103.809477383169,1.28133188255593,8,2,0,0
DRS,103.8129928199,1.2804697558033,9,1,0,0
BJ20,103.769781679334,1.38605794718116,11,0,2,2
BJ68,103.76997021493,1.38538172522755,14,0,2,2
DRM2,103.80785308039,1.28129937570063,8,0,0,1
TM51,103.928756085024,1.3511829039114,13,2,1,0
W67,103.799065423016,1.44150221813373,18,0,1,1
W717,103.798648382666,1.44092849348229,16,0,1,1
SI13,103.957111415124,1.34197935994877,16,2,0,0
AK19,103.834984850341,1.36909121614356,14,0,2,0
AK31,103.846635631616,1.36612042431733,13,0,2,1
AK52,103.850295697425,1.37243863344224,16,0,2,0
AK6,103.844853841562,1.37483592945335,15,0,3,0
AK83,103.863845113107,1.37667820868216,12,0,0,0
AK9,103.848368086654,1.38359905765514,10,0,0,1
AM43,103.857309934338,1.36858422435364,12,0,1,0
AM64,103.853098246057,1.37145702029469,20,0,2,0
AV1K,103.804741042579,1.28563749200534,10,0,0,1
AV2,103.805837442388,1.28491128562143,11,0,0,1
A1,103.841712811912,1.36671439877569,12,0,2,1
A13,103.836809611886,1.36800022165129,12,2,2,0
A21,103.846313224171,1.36812755861891,15,1,1,1
A23,103.848913340117,1.36733546645361,12,0,2,1
A26,103.835447564147,1.372770202219,13,0,1,0
A29,103.848715596645,1.36722625942018,14,0,2,1
A30A,103.842758605575,1.37021813453773,12,0,2,1
A31A,103.843658166136,1.37185934032305,10,0,0,1
A33,103.834540459308,1.36988636424195,13,0,1,0
A52L,103.84613433584,1.36928063398219,14,2,1,1
A55,103.846666862503,1.37363853629212,18,0,2,0
A56,103.847146218183,1.37269867573371,18,0,0,1
A57,103.846964164671,1.37201961047575,13,0,0,1
A58,103.847724114309,1.37234700755733,18,0,2,1
A61,103.852160015472,1.37417044612362,18,0,3,0
A63,103.849399082007,1.37521713052952,17,0,3,0
A77,103.839955437159,1.37625100147748,13,2,2,0
A78,103.838386790836,1.37464850084546,12,1,0,0
A83,103.860696540911,1.37430755963649,12,0,1,0
A86,103.85652048735,1.36188489083075,11,0,1,0
A88,103.84726652679,1.36628071567192,13,0,1,1
A89,103.839367845908,1.37045918304517,10,1,3,0
A90,103.841247224571,1.38200068921511,17,1,3,1
A95,103.847803809281,1.36751862800778,16,0,1,1
A99,103.837213891969,1.37698525725514,14,2,0,0
BBM4,103.760178963792,1.34555069828431,15,0,2,0
BBM6,103.75505234518,1.34285965211476,18,0,3,0
BE15,103.854838248039,1.34516275849122,13,0,2,0
BE16,103.835060941426,1.36429947706046,10,0,1,0
BE17,103.847678464451,1.36300774829777,6,2,1,0
BE18,103.831086168669,1.35835109065196,10,0,1,0
BE19,103.8482017597,1.3488553698228,13,1,1,1
BE20,103.848664813483,1.34889150352476,14,1,1,1
BE21,103.849040518762,1.34862467472465,14,2,2,1
BE22,103.849654953116,1.34943659364674,18,0,1,1
BE24,103.847482841106,1.35533230982928,8,1,1,1
BE3,103.834406565389,1.36236382033242,8,0,1,0
BE3R,103.835441888473,1.36316580994124,12,0,1,0
BE3T,103.831576853849,1.36111902118749,11,2,1,0
BE34,103.84362160813,1.3609610362378,12,1,0,0
BE35,103.843084460069,1.36142068256305,15,1,0,0
BE43,103.834935200663,1.36217398582203,8,0,1,0
BE44,103.831591355528,1.35777015543197,10,0,1,0
BJ22,103.773503103872,1.37829370797878,13,1,2,4
BJ4,103.772354543466,1.37545971929828,15,0,1,4
BJ5,103.77308809286,1.37498680102591,14,0,1,4
BJ50,103.773601342865,1.38818399547407,2,0,1,0
BJ53,103.771919780759,1.38970548151709,4,0,0,0
BJ54,103.773472452479,1.38894739358485,2,0,0,0
BJ57,103.760170448377,1.38525120284571,19,1,2,1
BJ58,103.771272617577,1.38752442976843,8,2,2,1
BJ59,103.771264160158,1.38979865532424,5,0,0,0
BJ6,103.774409697442,1.37416172165375,11,0,0,3
BJ60,103.769476179928,1.38826200230556,8,0,1,1
BJ61,103.76781269072,1.388979662136,7,1,2,1
BJ8,103.773710727926,1.37461272940013,11,0,0,3
BKE2,103.855479963784,1.31412809694969,13,0,0,1
BKE3,103.855800846629,1.31441522983594,16,0,0,1
BL20,103.708175276842,1.34809825437211,14,0,1,0
BL21,103.709373754653,1.34925684308189,13,2,2,0
BL9,103.71071997503,1.34587087048676,21,0,1,0
BM10,103.81406981707,1.28809599904796,24,2,2,1
BM12,103.813274872378,1.28767203206825,24,0,2,1
BM13,103.812191806644,1.28689820439679,20,2,2,1
BM21,103.818008882618,1.2851962650167,23,0,1,0
BM25,103.816761172217,1.28573294165551,20,0,2,1
BM27,103.814782957824,1.28405956989944,17,1,2,0
BM33,103.818651052416,1.28274787270933,13,0,1,0
BM34,103.816643436628,1.28502532873147,21,0,2,0
BM35,103.817976425901,1.28438744789989,16,2,1,0
BM36,103.817857997121,1.28280582151779,12,1,1,0
BRM2,103.857683891406,1.3259740602921,9,1,2,0
BRM7,103.855402032964,1.32437389737224,14,0,1,0
BR18,103.855749742647,1.32626982487387,9,2,0,0
BR21,103.856640716141,1.3272593623162,9,0,0,0
BR22,103.857592887386,1.32834641915005,10,0,0,0
BTM3,103.82869825505,1.28631121985493,11,1,1,1
B12,103.927878519613,1.32759836868302,19,0,0,1
B13,103.929763771966,1.32965321685371,20,1,1,0
B18,103.942896550141,1.32300089965717,15,0,2,0
B24A,103.93961602851,1.33126310322328,9,0,3,0
B44A,103.929854128085,1.33441539317705,16,1,2,0
B44B,103.922918618379,1.33226440353469,9,0,2,0
B50A,103.912735169613,1.33151257757753,12,2,1,0
B50B,103.911952506619,1.33163708215433,15,2,1,0
B6M,103.930886746172,1.32517329587692,12,0,0,1
B6T,103.932563566326,1.32371670117556,11,0,0,0
B68,103.936922029979,1.3225048596874,12,0,2,0
B76,103.934418957404,1.33589956430034,11,0,3,0
B77,103.936333675463,1.33569101231796,10,0,3,0
B78,103.938383759657,1.33560888479941,6,0,4,0
B82,103.930414877334,1.33386404129158,16,0,4,0
B87,103.936197348202,1.32054067377908,8,0,2,0
B93,103.934175615557,1.32042179086897,10,0,0,0
B98,103.92191686099,1.33607941949204,9,0,1,0
CCKC,103.74574719529,1.38507536269947,14,0,1,2
CCM,103.799797326245,1.30366087884525,11,0,3,1
CKM3,103.73657528563,1.38115259469526,9,0,2,0
CKM4,103.737956734512,1.37859776133871,19,1,3,0
CKM5,103.735607988989,1.37924872358496,14,0,2,0
CKM6,103.735661884,1.37745184444991,12,1,1,0
CK1,103.753396524311,1.3778440924676,18,1,0,1
CK18,103.750623144067,1.38099842260868,17,1,3,3
CK26,103.742955840427,1.38462379016476,17,2,0,1
CK4A,103.752200460392,1.38116517588396,16,0,5,2
CK5,103.752720024643,1.38017962306698,17,0,4,2
CK66,103.745536231876,1.39397131390054,17,0,2,1
CK72,103.740907186956,1.37554778109964,14,0,1,0
CK73,103.743386986498,1.37529444134617,11,0,1,0
CK74,103.743216403667,1.37325275281134,3,0,0,0
CK78,103.749423220528,1.37696478005104,14,0,0,2
CK9A,103.747014137116,1.38016182899145,17,0,1,3
CLRG,103.763968605444,1.31902535161362,15,0,2,1
CLTR,103.765186772899,1.31936000107324,16,0,2,1
CR1A,103.864958513285,1.30369835708322,14,2,0,2
CR1B,103.865358707559,1.30403607430399,12,1,0,2
CR4,103.863437208667,1.30435203072103,18,1,0,2
CR5,103.86223821601,1.30323592683919,21,1,0,2
CV4,103.988454110521,1.39017109967947,11,0,0,0
C15M,103.763933111165,1.31622257281508,18,0,3,1
C28,103.763334786019,1.32115797956657,11,1,0,0
C28M,103.762071450679,1.32236174407854,6,0,0,0
C29A,103.759184898969,1.31136093559312,12,1,2,0
C3ML,103.769092308277,1.3103927402801,14,0,1,0
C39,103.762239905373,1.31029120826452,13,0,1,0
C40,103.763776766462,1.3009774319867,14,0,1,0
C41,103.768603305278,1.30001091888003,15,0,1,0
EC5,103.902665151571,1.32203348873018,6,0,1,1
EC7T,103.90183408599,1.3185196743293,9,2,0,2
EI1,103.896847001955,1.32343287474506,5,0,0,1
FR2S,103.807183873134,1.31792069722508,6,2,2,1
GE1D,103.88916338168,1.32185401824824,11,0,0,0
GE1E,103.884427961533,1.31972148152584,12,0,2,1
GM1B,103.788260076541,1.31285321418841,13,0,1,0
GM1M,103.784368876242,1.30935443236551,10,0,1,0
GM6A,103.78872819485,1.3094416054326,14,1,0,1
HDBH,103.848319188656,1.33220447263786,17,1,0,0
HE14,103.822252479825,1.28571438959719,15,0,2,0
HE22,103.82284807113,1.29002077327386,15,0,2,0
HG1,103.894187377783,1.36215354234695,14,2,0,0
HG18,103.888950370557,1.35805628250075,20,1,2,3
HG2A,103.900720776155,1.37637231824732,17,1,2,0
HG2C,103.897249643496,1.37006821987902,13,0,2,0
HG2D,103.887392069564,1.3794230988045,19,1,1,0
HG26,103.898853011793,1.36949658679051,12,0,2,0
HG3A,103.880787459801,1.38542260242817,1,0,0,0
HG33,103.884375124202,1.36956777171657,18,0,2,0
HG40,103.892084292931,1.35211876302918,14,0,0,0
HG57,103.89694633924,1.35533709250346,7,0,0,0
HG58,103.896721357988,1.35711438589703,8,0,0,0
HG59,103.893319749443,1.35088312280273,11,1,0,0
HG63,103.897364476865,1.37235766507126,13,1,2,0
HG65,103.892828201933,1.34230653593488,7,0,0,0
HG66,103.895440099107,1.34058675015747,9,0,0,0
HG72,103.885911372643,1.37862428319608,17,0,2,0
HG81,103.899312943795,1.36092737515415,7,0,0,0
HG82,103.902566616239,1.36036883880328,3,0,0,0
HG83,103.902062220692,1.35840591288524,2,0,0,0
HG84,103.898365798928,1.35961466004637,8,0,0,0
HG85,103.899471965577,1.36025944840139,6,0,0,0
HG93,103.88011750144,1.37991767689243,14,0,2,0
HG98,103.877687395401,1.37990535836802,14,1,1,0
H11,103.827841536793,1.28743829103086,10,0,2,1
H15,103.830924211333,1.2901865322941,12,1,0,1
H42A,103.882178293114,1.37266350712009,21,0,2,0
H6M,103.827923223211,1.29122535077389,15,1,0,1
H87L,103.87859616392,1.37849680245764,21,2,2,0
JMS,103.838805282419,1.2880511267041,8,0,1,1
J13,103.736920146275,1.34354068739972,16,0,2,0
J21A,103.731023020816,1.34745071822874,11,0,3,0
J28,103.716498132161,1.34757662092961,18,0,1,0
J29,103.71691832637,1.34862616117527,17,1,2,0
J30,103.715501961129,1.3488140652464,21,0,2,0
J35,103.719517594087,1.34811715674096,18,0,4,1
J42,103.72357456416,1.34823014262462,15,1,4,0
J44,103.7246364978,1.34684761063701,14,0,3,0
J47,103.71802082663,1.35025747611137,14,2,3,0
J49M,103.719675980676,1.35378258192678,13,1,1,0
J5,103.742418174224,1.33831447512583,18,1,1,0
J58,103.739656017494,1.33420308331824,16,0,1,1
J69M,103.693345916026,1.34134413310842,26,0,0,0
J74M,103.696853876631,1.34284512019999,22,1,2,0
KAB,103.842387852779,1.28170692159683,18,0,0,3
KAS,103.842772927218,1.28057210952426,17,2,0,2
KB2,103.869929067254,1.32227522534946,11,1,0,0
KB6,103.87403049569,1.32021280868411,11,0,0,0
KJML,103.851606439352,1.31222088220004,14,0,1,1
KU5,103.893360109314,1.33044435869103,18,0,0,0
K21,103.888601004847,1.30706551991007,6,0,3,1
K22,103.888377080325,1.30754713413511,8,1,3,1
K28,103.8870334048,1.3093829172243,11,0,2,1
K3T,103.88385694865,1.30758018661979,10,0,1,2
K52,103.884483332368,1.310554773887,10,0,2,0
K9,103.886254956959,1.31054839815929,12,0,2,1
MM5,103.888575003116,1.32979172825255,15,0,0,0
MP20,103.906184842052,1.30132685974996,7,0,0,0
MP6M,103.90828624159,1.30229827375577,12,0,1,0
MP6S,103.908338134882,1.30210300644767,13,0,1,0
MR3,103.85909249027,1.30769352581998,11,1,1,1
M28,103.885157492786,1.33112556640427,11,0,0,0
M29,103.882055378556,1.32739237548581,13,0,2,0
M34,103.885640417485,1.33250795730011,11,2,0,1
PDC4,103.738746077505,1.37788771524339,19,1,3,0
PDC5,103.743370206175,1.39157526930099,15,0,1,0
PDJ3,103.720415077008,1.33471539136349,18,1,1,0
PDJ7,103.697910064481,1.34896159064025,15,2,1,0
PDL1,103.912950509223,1.3941460662993,8,1,3,1
PDP4,103.771371239613,1.38376752314872,10,0,3,1
PDP5,103.766168977944,1.38543861286011,16,0,2,1
PDQ5,103.810982424243,1.29267932976936,19,2,1,0
PDR2,103.964550154426,1.36692597781725,19,3,1,0
PDR6,103.941739436251,1.37791117161882,21,2,1,0
PDR7,103.936236121637,1.3797395060387,20,1,3,0
PDS1,103.901833858028,1.38546999828579,19,0,3,2
PDT8,103.934535525044,1.35544890149842,15,0,2,0
PDW5,103.794146102224,1.43076816852369,19,1,3,0
PDW7,103.7980605915,1.44546228493892,14,0,3,0
PDW8,103.795151447654,1.43813638207277,20,2,3,0
PD8W,103.791046306814,1.44311644003495,16,0,4,0
PLB1,103.958861284294,1.36908460372014,19,1,4,0
PL63,103.909579655618,1.40573987308182,11,1,2,0
PL64,103.910214174562,1.40529284169846,12,0,1,0
PL70,103.893283963437,1.40307809408051,4,0,0,0
PL71,103.91579187276,1.40401764393001,3,0,0,0
PL74,103.891602982593,1.40126026475489,0,0,0,0
PM1,103.956604424875,1.3742828524056,14,2,4,0
PRM1,103.957835189551,1.3696196338882,16,0,4,0
PR11,103.959390305297,1.37445761966103,20,0,3,0
PR5,103.955117050351,1.37050826419333,14,0,4,0
PR9,103.95845575439,1.37320530125912,19,0,5,0
P12,103.748194096365,1.32056739486121,15,1,1,0
Q14,103.802168030972,1.29763070087789,12,0,2,0
Q15,103.801754422444,1.2983325731435,16,1,3,0
Q2A,103.804386702034,1.29164762311741,19,1,0,0
Q30,103.808776570387,1.29583054566565,14,0,1,0
Q4,103.803908353803,1.28871370549231,16,0,0,0
Q41,103.809494582004,1.29410861041159,18,0,2,0
Q48,103.80351335771,1.29535822956684,19,0,0,0
Q49,103.802771970435,1.29529473427588,20,0,0,0
Q5A,103.803167832265,1.29114031720917,16,2,0,0
Q5S,103.802147298989,1.29077920283236,14,2,0,0
Q51,103.799062479034,1.29793262781623,13,0,3,0
Q52,103.798911988395,1.29678562006432,10,1,1,0
Q55,103.796426768629,1.2986891819389,16,0,1,1
Q57,103.798604554642,1.29985982258566,13,0,3,1
Q58,103.797655508412,1.30008915614158,14,1,3,1
Q59,103.797584691193,1.30093374125412,14,2,3,1
Q65A,103.801138323268,1.30708785505545,10,0,0,0
Q72,103.800897017013,1.3064930061098,8,2,1,0
Q92,103.808485022859,1.2947981950673,16,0,1,0
Q93,103.808063969552,1.29494013363994,16,0,1,0
Q95,103.801268179719,1.30671934714016,9,1,0,0
Q97,103.797385684371,1.29919960206086,14,1,2,1
Q98,103.797284906624,1.29733757261577,14,1,1,0
Q99,103.799094517959,1.30529551739977,9,0,1,1
SAM,103.811877450687,1.29256354900088,19,1,1,0
SB10,103.815392946051,1.45249598745469,19,0,4,0
SB11,103.816661948149,1.4517759781995,22,0,3,1
SB12,103.819062926083,1.45316506558856,22,1,4,1
SB13,103.816425489795,1.45435238171231,16,2,4,0
SB14,103.817432277359,1.45239731775752,21,1,4,1
SB35,103.831601774495,1.44571656944981,8,2,0,0
SB36,103.83398232748,1.44743431569956,6,0,0,0
SB38,103.832692732894,1.44464304690113,7,1,0,0
SB40,103.828707181082,1.4460724650419,10,0,0,0
SB7,103.814926482501,1.44661411303622,17,2,2,1
SB8,103.817149375889,1.44708096260147,23,0,3,1
SB9,103.815498234908,1.4476031432741,19,0,2,1
SD10,103.874078450465,1.31168226172938,13,0,0,1
SD6,103.878869626375,1.31832261625882,12,0,2,1
SD7,103.879333795033,1.3190321511608,16,0,2,1
SD8,103.876861658213,1.3190516894839,10,0,0,0
SE1R,103.869335505236,1.37140963661124,11,0,1,0
SE2,103.870532117496,1.37006691607123,11,0,1,0
SE3,103.870922332174,1.36924418189223,11,0,1,0
SE30,103.87445279978,1.36786212957891,15,2,1,0
SE4,103.872296110768,1.36873929404962,14,2,1,0
SE4K,103.870314145778,1.36782923418008,12,0,1,0
SE4S,103.873272860621,1.36700319276375,16,0,0,0
SE51,103.872389205842,1.35520986036434,14,2,1,0
SE52,103.871633411701,1.35688953183656,16,0,2,1
SE54,103.871172937875,1.35749911405004,14,0,2,1
SE6,103.871882592269,1.36584789681137,14,1,0,0
SE7,103.872056468889,1.36551021438752,15,2,0,0
SE9,103.874459863903,1.36841734207052,17,2,2,0
SH1,103.838176489771,1.35073612695774,12,0,0,1
SI14,103.954618346955,1.34527604319238,19,0,1,0
SI3,103.952025987864,1.34456535699919,16,0,3,0
SI5,103.953963988823,1.34574546165244,20,0,1,0
SK1,103.904161296437,1.38840608738708,20,0,2,2
SK1K,103.893332023606,1.38463154511692,20,1,1,4
SK52,103.889906512633,1.39232884206229,15,0,3,0
SK53,103.887374040903,1.39255847909319,18,2,2,0
SK54,103.908257421021,1.39199789352444,10,0,2,1
SK61,103.874857250454,1.38810499003411,13,0,2,1
SK76,103.900117887476,1.38529950451392,17,1,4,2
SK79,103.900033362374,1.38608138346055,21,0,3,2
SK8,103.902188148776,1.38983337360182,19,2,4,2
SK82,103.909398540826,1.3909459628458,11,0,1,2
SK84,103.910019232693,1.38987131393092,8,0,0,1
SK97,103.886241158495,1.39286043311406,14,0,1,0
SK98,103.880080200685,1.38959286528248,6,0,1,1
SK99,103.878525934434,1.39702391490017,5,0,1,2
SLS,103.842977007337,1.28167579933127,18,0,0,2
SL1,103.923632107098,1.31176309133616,16,0,0,0
SL2,103.923154183766,1.31153662886822,15,2,0,0
SM2,103.836340712064,1.35486279179044,13,2,0,0
SM5,103.838293856674,1.35876739534311,12,1,0,0
SM6,103.837923139231,1.36137996634288,14,2,0,0
SM7,103.839957650567,1.35896237680747,15,0,0,0
SM8,103.839033456895,1.35732752805403,14,1,0,0
SRS,103.830565348682,1.27553450520988,9,1,0,0
SR1,103.850845759339,1.30359099563372,13,0,0,2
SR2,103.851039984324,1.30316526637661,16,0,0,2
S100,103.881746949697,1.39686260951666,3,0,1,1
S101,103.879419666793,1.39697227996449,5,0,1,2
S103,103.895265742845,1.39629562406826,10,0,2,2
S104,103.893039536215,1.39017947270521,24,0,2,2
S105,103.894446031296,1.3896997611299,24,0,2,1
S106,103.890056421491,1.38138023241462,17,1,0,1
S107,103.889647323704,1.39922951826324,0,0,0,0
S108,103.896931503971,1.39809995003287,6,0,2,2
S109,103.879898734907,1.39157198683056,7,2,1,2
S39L,103.871751915095,1.37390744872993,15,1,1,0
S69A,103.876875874678,1.39206869804454,12,0,2,2
TBK,103.810047150713,1.2773607628817,11,0,1,0
TBM9,103.807191413199,1.27478411740776,12,0,1,0
TB27,103.811716591586,1.28192374153419,9,1,1,0
TB29,103.806984271551,1.27313561725331,10,0,1,1
TE21,103.831584387294,1.28299052847237,8,0,0,0
TE22,103.832582825776,1.28343065171822,8,0,0,0
TE23,103.833526015241,1.28425906003482,7,1,1,0
TE24,103.830109161508,1.28434502330698,9,0,1,1
TE26,103.830852155733,1.28528656839781,12,0,0,1
TE27,103.831550281879,1.28366589460653,9,0,0,0
TE28,103.832644854849,1.2826212098586,8,0,0,0
TE29,103.831312048004,1.28209274983331,7,0,0,0
TE30,103.830196524691,1.28288408519611,10,0,1,1
TE9,103.832972373004,1.28387680667098,8,0,0,0
TGM4,103.737251753041,1.3225222216469,11,0,0,0
THM,103.797894179223,1.29820312245213,16,2,2,1
TJ1K,103.721524351551,1.33421064783734,23,0,0,0
TJ18,103.722462206873,1.33184819450938,23,0,1,0
TJ40,103.72149803521,1.33039227933258,23,2,1,0
TM40,103.943386252912,1.33944272619115,4,0,0,0
TM41,103.941418482482,1.34753010186292,13,0,4,0
TM46,103.938443769608,1.3585465791926,12,2,1,0
TM47,103.940230011712,1.35678379595667,13,0,0,0
TPMQ,103.842853681281,1.3369784658429,15,1,1,1
TP1K,103.844989916999,1.33711062221084,17,0,1,1
TP32,103.847449726872,1.34108034789424,14,2,1,1
TP33,103.847082295847,1.34251741317896,16,0,2,1
TP39,103.854246074194,1.33291610075102,18,0,1,1
TP56,103.860439372341,1.33673348441186,10,1,2,0
TP57,103.86054496098,1.33493442924947,9,0,2,1
TP59,103.860702829454,1.33420478625039,10,0,2,1
TP61,103.848320671405,1.33296942756151,18,0,0,0
TP64,103.849613055487,1.34233855856516,16,0,3,1
TP65,103.851055379874,1.33565252312974,21,0,1,0
TP66,103.856387734252,1.33527703622672,18,0,1,1
TP8A,103.849414556482,1.33794965196423,22,1,2,1
TRM,103.883657821383,1.3003313037311,9,0,0,1
TWM4,103.753932250398,1.38288681512251,10,0,5,1
TW4,103.75309846721,1.38207251085638,12,0,5,1
TY1,103.77438705165,1.33903677957212,10,0,1,1
TY2,103.773653021053,1.33847628119036,9,0,1,0
TY3T,103.772391125221,1.34011605000476,13,1,1,1
TY4,103.771971186198,1.33846289010818,12,0,1,0
T33,103.95232364471,1.34751617417389,11,0,3,0
T38,103.94053617775,1.3503210301814,14,0,6,0
T39,103.940489781846,1.34568529353786,8,1,2,0
T40,103.942308054998,1.34025889071848,2,0,0,0
T47,103.936899493671,1.35487010000585,12,0,2,0
T47A,103.935060729384,1.35491514875181,18,0,2,0
T47T,103.940750224602,1.35452229151105,12,0,0,0
T54,103.943724218391,1.35360553657432,16,0,2,0
T56,103.93287637469,1.35008592149963,20,1,4,0
T58,103.93112476357,1.3553423222406,14,1,1,0
UA4,103.878923213918,1.33529208295604,6,1,1,1
UA6,103.879156376979,1.33422423692974,8,0,1,1
UBA4,103.896171945487,1.33577245554552,13,0,0,0
UBM2,103.87038903664,1.31310841999604,10,0,0,1
UCS,103.841855414093,1.28666135091677,13,0,0,2
U14,103.754934171417,1.34698966625228,24,1,3,0
U16,103.755063474791,1.35043563668596,19,0,3,0
U20,103.760494555166,1.3471319561138,12,0,0,0
U36,103.751885145817,1.3439131062188,14,1,2,0
U41A,103.74966938643,1.35012274417831,15,0,1,0
U49,103.750808487893,1.34532791313829,14,0,2,0
U53,103.746726774632,1.34360120532342,13,0,1,0
U54,103.755239526036,1.35073220310029,20,0,2,0
WCC,103.786613834999,1.4349017374169,15,2,2,1
W100,103.792240445282,1.42870445142089,15,1,4,0
W16,103.781879358875,1.44064244357724,14,0,1,0
W23T,103.780385644152,1.43131837741842,14,1,2,0
W25,103.776265095169,1.43065107304499,20,0,3,1
W29,103.774766565166,1.43009453325602,15,1,3,1
W41,103.793091115225,1.43995590959124,23,2,3,1
W47,103.799413044853,1.44935775659056,10,0,0,0
W519,103.792345356016,1.43457083734895,24,1,2,0
W521,103.793613401042,1.43393802511339,23,1,3,0
W523,103.793903624806,1.43292954810865,18,2,3,0
W525,103.792938081494,1.43258526890827,17,0,3,0
W546,103.793409116052,1.42974789432671,16,0,3,0
W55,103.794470601571,1.43980480186759,21,0,3,0
W574,103.798443591821,1.43058908570535,10,0,2,0
W60,103.793072290068,1.43510793014819,23,1,2,0
W61,103.783916362318,1.43320895799043,18,0,1,0
W62,103.784992922099,1.43287037385874,15,0,1,0
W63,103.786355744823,1.43284218353325,14,0,3,0
W65,103.795939541365,1.44113662218701,19,2,3,0
W66,103.797997593514,1.44108904412503,17,0,3,1
W691,103.806248252951,1.44063968191803,13,0,1,0
W783,103.804121132022,1.44781884183436,13,2,1,0
W785,103.80499561677,1.44706670015035,12,0,1,0
W83,103.797130811463,1.43609552999286,21,2,2,0
W84,103.7959544758,1.4347995940985,21,0,1,0
W96,103.797917666645,1.43889105052846,18,1,3,1
W97,103.799286580754,1.43948495259748,22,0,2,1
W98,103.803589891706,1.43962943822426,16,3,1,1
W99,103.805530270409,1.44076232029864,13,1,1,0
Y1,103.828035738585,1.43084454255839,15,1,2,0
Y14,103.835661224564,1.43267363960231,20,1,4,1
Y16A,103.839145117853,1.43375329994825,16,2,3,0
Y2,103.828058889625,1.43216655428421,13,0,1,0
Y21A,103.834620998969,1.4370634430292,14,1,2,0
Y22,103.83389994689,1.44167580424393,9,0,0,0
Y29,103.834535410866,1.41720322419111,16,2,4,1
Y30,103.835230949964,1.41645817345156,16,0,3,1
Y30M,103.83575142663,1.41655760235146,17,0,3,1
Y35,103.83847393613,1.41969445917178,18,2,3,0
Y37,103.837178253471,1.42211168892262,20,2,2,0
Y38,103.840111096943,1.42258962035271,17,1,1,0
Y4T,103.830209082074,1.43244723298035,17,1,3,0
Y45,103.843188226933,1.42718727471738,15,0,1,0
Y46,103.84576693495,1.4260388964358,15,2,2,0
Y47,103.845551341254,1.42910712911172,13,0,2,0
Y54M,103.837035355376,1.42731189350085,24,1,0,1
Y63M,103.845025697925,1.43164621281572,8,1,1,0
Y64M,103.845132530667,1.43248813244445,8,0,0,0
Y65M,103.842022571324,1.43266882113675,16,2,2,0
Y66M,103.842288258465,1.43376499764221,12,2,1,0
Y67,103.840895558723,1.43646279670293,12,0,3,0
Y69M,103.844086963272,1.41600936577009,5,0,0,0
Y70M,103.840369221524,1.41485544340323,9,0,2,0
Y71M,103.840908006648,1.4165797598364,8,0,4,0
Y72M,103.841231697065,1.41475789591627,7,0,2,0
Y73M,103.841562940801,1.41913520963916,13,0,4,0
Y74M,103.841690230404,1.41962773660971,14,0,4,0
Y75M,103.843083542045,1.42017640145601,9,1,2,0
