station_id,rainfall,date,name,latitude,longitude
S104,1.0666666666666667,2018-01-02,Admiralty ,1.4439,103.7854
S104,0.0,2018-01-05,Admiralty ,1.4439,103.7854
S104,0.0,2018-01-06,Admiralty ,1.4439,103.7854
S104,0.0,2018-01-07,Admiralty ,1.4439,103.7854
S104,1.0666666666666667,2018-01-08,Admiralty ,1.4439,103.7854
S104,0.0,2018-01-09,Admiralty ,1.4439,103.7854
S104,0.0,2018-01-10,Admiralty ,1.4439,103.7854
S106,0.5666666666666668,2018-01-02,Pulau Ubin ,1.4168,103.9673
S106,0.23333333333333336,2018-01-01,Pulau Ubin ,1.4168,103.9673
S106,0.0,2018-01-02,Pulau Ubin ,1.4168,103.9673
S106,0.23333333333333336,2018-01-01,Pulau Ubin ,1.4168,103.9673
S106,0.0,2018-01-02,Pulau Ubin ,1.4168,103.9673
S106,0.0,2018-01-04,Pulau Ubin ,1.4168,103.9673
S106,0.0,2018-01-05,Pulau Ubin ,1.4168,103.9673
S106,0.0,2018-01-06,Pulau Ubin ,1.4168,103.9673
S106,0.0,2018-01-07,Pulau Ubin ,1.4168,103.9673
S106,0.5666666666666668,2018-01-08,Pulau Ubin ,1.4168,103.9673
S106,0.0,2018-01-09,Pulau Ubin ,1.4168,103.9673
S106,0.0,2018-01-10,Pulau Ubin ,1.4168,103.9673
S107,0.3333333333333333,2018-01-02,East Coast Parkway ,1.3134,103.9619
S107,0.06666666666666667,2018-01-01,East Coast Parkway ,1.3134,103.9619
S107,0.0,2018-01-02,East Coast Parkway ,1.3134,103.9619
S107,0.06666666666666667,2018-01-01,East Coast Parkway ,1.3134,103.9619
S107,0.0,2018-01-02,East Coast Parkway ,1.3134,103.9619
S107,0.0,2018-01-03,East Coast Parkway ,1.3134,103.9619
S107,0.0,2018-01-04,East Coast Parkway ,1.3134,103.9619
S107,0.0,2018-01-05,East Coast Parkway ,1.3134,103.9619
S107,0.0,2018-01-06,East Coast Parkway ,1.3134,103.9619
S107,0.0,2018-01-07,East Coast Parkway ,1.3134,103.9619
S107,0.3333333333333333,2018-01-08,East Coast Parkway ,1.3134,103.9619
S107,0.0,2018-01-09,East Coast Parkway ,1.3134,103.9619
S107,0.0,2018-01-10,East Coast Parkway ,1.3134,103.9619
S108,0.8333333333333334,2018-01-02,Marina Barrage ,1.2799,103.8703
S108,0.0,2018-01-03,Marina Barrage ,1.2799,103.8703
S108,0.0,2018-01-04,Marina Barrage ,1.2799,103.8703
S108,0.0,2018-01-05,Marina Barrage ,1.2799,103.8703
S108,0.0,2018-01-07,Marina Barrage ,1.2799,103.8703
S108,0.8333333333333334,2018-01-08,Marina Barrage ,1.2799,103.8703
S108,0.0,2018-01-09,Marina Barrage ,1.2799,103.8703
S108,0.0,2018-01-10,Marina Barrage ,1.2799,103.8703
S109,1.3666666666666665,2018-01-02,Ang Mo Kio ,1.3764,103.8492
S109,0.26666666666666666,2018-01-01,Ang Mo Kio ,1.3764,103.8492
S109,0.0,2018-01-02,Ang Mo Kio ,1.3764,103.8492
S109,0.26666666666666666,2018-01-01,Ang Mo Kio ,1.3764,103.8492
S109,0.0,2018-01-02,Ang Mo Kio ,1.3764,103.8492
S109,0.0,2018-01-03,Ang Mo Kio ,1.3764,103.8492
S109,0.0,2018-01-04,Ang Mo Kio ,1.3764,103.8492
S109,0.0,2018-01-05,Ang Mo Kio ,1.3764,103.8492
S109,0.0,2018-01-06,Ang Mo Kio ,1.3764,103.8492
S109,0.0,2018-01-07,Ang Mo Kio ,1.3764,103.8492
S109,1.3666666666666665,2018-01-08,Ang Mo Kio ,1.3764,103.8492
S109,0.0,2018-01-09,Ang Mo Kio ,1.3764,103.8492
S109,0.0,2018-01-10,Ang Mo Kio ,1.3764,103.8492
S11,0.10000000000000002,2018-01-02,Choa Chu Kang (West) ,1.3746,103.6938
S11,0.9333333333333335,2018-01-01,Choa Chu Kang (West) ,1.3746,103.6938
S11,0.0,2018-01-02,Choa Chu Kang (West) ,1.3746,103.6938
S11,0.9333333333333335,2018-01-01,Choa Chu Kang (West) ,1.3746,103.6938
S11,0.0,2018-01-02,Choa Chu Kang (West) ,1.3746,103.6938
S11,0.03333333333333333,2018-01-03,Choa Chu Kang (West) ,1.3746,103.6938
S11,0.0,2018-01-04,Choa Chu Kang (West) ,1.3746,103.6938
S11,0.0,2018-01-05,Choa Chu Kang (West) ,1.3746,103.6938
S11,0.0,2018-01-06,Choa Chu Kang (West) ,1.3746,103.6938
S11,0.0,2018-01-07,Choa Chu Kang (West) ,1.3746,103.6938
S11,0.10000000000000002,2018-01-08,Choa Chu Kang (West) ,1.3746,103.6938
S11,0.0,2018-01-09,Choa Chu Kang (West) ,1.3746,103.6938
S11,0.0,2018-01-10,Choa Chu Kang (West) ,1.3746,103.6938
S111,1.2333333333333334,2018-01-02,Newton ,1.3106,103.8365
S111,0.06666666666666667,2018-01-01,Newton ,1.3106,103.8365
S111,0.0,2018-01-02,Newton ,1.3106,103.8365
S111,0.06666666666666667,2018-01-01,Newton ,1.3106,103.8365
S111,0.0,2018-01-02,Newton ,1.3106,103.8365
S111,0.0,2018-01-04,Newton ,1.3106,103.8365
S111,0.0,2018-01-07,Newton ,1.3106,103.8365
S111,1.2333333333333334,2018-01-08,Newton ,1.3106,103.8365
S111,0.0,2018-01-09,Newton ,1.3106,103.8365
S111,0.0,2018-01-10,Newton ,1.3106,103.8365
S112,1.8999999999999997,2018-01-02,Lim Chu Kang ,1.4385,103.7013
S112,0.3,2018-01-01,Lim Chu Kang ,1.4385,103.7013
S112,0.0,2018-01-02,Lim Chu Kang ,1.4385,103.7013
S112,0.3,2018-01-01,Lim Chu Kang ,1.4385,103.7013
S112,0.0,2018-01-02,Lim Chu Kang ,1.4385,103.7013
S112,0.0,2018-01-03,Lim Chu Kang ,1.4385,103.7013
S112,0.0,2018-01-04,Lim Chu Kang ,1.4385,103.7013
S112,0.0,2018-01-05,Lim Chu Kang ,1.4385,103.7013
S112,0.0,2018-01-06,Lim Chu Kang ,1.4385,103.7013
S112,0.0,2018-01-07,Lim Chu Kang ,1.4385,103.7013
S112,1.8999999999999997,2018-01-08,Lim Chu Kang ,1.4385,103.7013
S112,0.0,2018-01-09,Lim Chu Kang ,1.4385,103.7013
S112,0.0,2018-01-10,Lim Chu Kang ,1.4385,103.7013
S113,2.1666666666666665,2018-01-02,Marine Parade ,1.3065,103.9107
S113,0.03333333333333333,2018-01-01,Marine Parade ,1.3065,103.9107
S113,0.0,2018-01-02,Marine Parade ,1.3065,103.9107
S113,0.03333333333333333,2018-01-01,Marine Parade ,1.3065,103.9107
S113,0.0,2018-01-02,Marine Parade ,1.3065,103.9107
S113,0.0,2018-01-03,Marine Parade ,1.3065,103.9107
S113,0.03333333333333333,2018-01-04,Marine Parade ,1.3065,103.9107
S113,0.0,2018-01-05,Marine Parade ,1.3065,103.9107
S113,0.0,2018-01-06,Marine Parade ,1.3065,103.9107
S113,0.0,2018-01-07,Marine Parade ,1.3065,103.9107
S113,2.1666666666666665,2018-01-08,Marine Parade ,1.3065,103.9107
S113,0.0,2018-01-09,Marine Parade ,1.3065,103.9107
S113,0.0,2018-01-10,Marine Parade ,1.3065,103.9107
S114,0.6,2018-01-02,Choa Chu Kang (Central) ,1.3819,103.7386
S114,0.6333333333333334,2018-01-01,Choa Chu Kang (Central) ,1.3819,103.7386
S114,0.0,2018-01-02,Choa Chu Kang (Central) ,1.3819,103.7386
S114,0.6333333333333334,2018-01-01,Choa Chu Kang (Central) ,1.3819,103.7386
S114,0.0,2018-01-02,Choa Chu Kang (Central) ,1.3819,103.7386
S114,0.0,2018-01-03,Choa Chu Kang (Central) ,1.3819,103.7386
S114,0.0,2018-01-04,Choa Chu Kang (Central) ,1.3819,103.7386
S114,0.0,2018-01-05,Choa Chu Kang (Central) ,1.3819,103.7386
S114,0.0,2018-01-06,Choa Chu Kang (Central) ,1.3819,103.7386
S114,0.0,2018-01-07,Choa Chu Kang (Central) ,1.3819,103.7386
S114,0.6,2018-01-08,Choa Chu Kang (Central) ,1.3819,103.7386
S114,0.0,2018-01-09,Choa Chu Kang (Central) ,1.3819,103.7386
S114,0.0,2018-01-10,Choa Chu Kang (Central) ,1.3819,103.7386
S115,0.0,2018-01-02,Tuas South ,1.2938,103.6184
S115,0.0,2018-01-01,Tuas South ,1.2938,103.6184
S115,0.0,2018-01-02,Tuas South ,1.2938,103.6184
S115,0.0,2018-01-01,Tuas South ,1.2938,103.6184
S115,0.0,2018-01-02,Tuas South ,1.2938,103.6184
S115,0.0,2018-01-03,Tuas South ,1.2938,103.6184
S115,0.0,2018-01-04,Tuas South ,1.2938,103.6184
S115,0.0,2018-01-05,Tuas South ,1.2938,103.6184
S115,0.0,2018-01-06,Tuas South ,1.2938,103.6184
S115,0.0,2018-01-07,Tuas South ,1.2938,103.6184
S115,0.0,2018-01-08,Tuas South ,1.2938,103.6184
S115,0.0,2018-01-09,Tuas South ,1.2938,103.6184
S115,0.0,2018-01-10,Tuas South ,1.2938,103.6184
S116,0.3666666666666667,2018-01-02,Pasir Panjang ,1.281,103.75399999999999
S116,0.6,2018-01-01,Pasir Panjang ,1.281,103.75399999999999
S116,0.0,2018-01-02,Pasir Panjang ,1.281,103.75399999999999
S116,0.6,2018-01-01,Pasir Panjang ,1.281,103.75399999999999
S116,0.0,2018-01-02,Pasir Panjang ,1.281,103.75399999999999
S116,0.0,2018-01-03,Pasir Panjang ,1.281,103.75399999999999
S116,0.0,2018-01-04,Pasir Panjang ,1.281,103.75399999999999
S116,0.16666666666666666,2018-01-05,Pasir Panjang ,1.281,103.75399999999999
S116,0.0,2018-01-06,Pasir Panjang ,1.281,103.75399999999999
S116,0.0,2018-01-07,Pasir Panjang ,1.281,103.75399999999999
S116,0.3666666666666667,2018-01-08,Pasir Panjang ,1.281,103.75399999999999
S116,0.0,2018-01-09,Pasir Panjang ,1.281,103.75399999999999
S116,0.0,2018-01-10,Pasir Panjang ,1.281,103.75399999999999
S117,0.10000000000000002,2018-01-02,Jurong Island ,1.2542,103.6741
S117,0.03333333333333333,2018-01-01,Jurong Island ,1.2542,103.6741
S117,0.0,2018-01-02,Jurong Island ,1.2542,103.6741
S117,0.03333333333333333,2018-01-01,Jurong Island ,1.2542,103.6741
S117,0.0,2018-01-02,Jurong Island ,1.2542,103.6741
S117,0.0,2018-01-03,Jurong Island ,1.2542,103.6741
S117,0.0,2018-01-04,Jurong Island ,1.2542,103.6741
S117,0.3,2018-01-05,Jurong Island ,1.2542,103.6741
S117,0.0,2018-01-06,Jurong Island ,1.2542,103.6741
S117,0.0,2018-01-07,Jurong Island ,1.2542,103.6741
S117,0.10000000000000002,2018-01-08,Jurong Island ,1.2542,103.6741
S117,0.0,2018-01-09,Jurong Island ,1.2542,103.6741
S117,0.0,2018-01-10,Jurong Island ,1.2542,103.6741
S118,1.5,2018-01-02,Dhoby Ghaut ,1.2994,103.8461
S118,0.06666666666666667,2018-01-01,Dhoby Ghaut ,1.2994,103.8461
S118,0.0,2018-01-02,Dhoby Ghaut ,1.2994,103.8461
S118,0.06666666666666667,2018-01-01,Dhoby Ghaut ,1.2994,103.8461
S118,0.0,2018-01-02,Dhoby Ghaut ,1.2994,103.8461
S118,0.0,2018-01-03,Dhoby Ghaut ,1.2994,103.8461
S118,0.0,2018-01-05,Dhoby Ghaut ,1.2994,103.8461
S118,0.0,2018-01-06,Dhoby Ghaut ,1.2994,103.8461
S118,0.0,2018-01-07,Dhoby Ghaut ,1.2994,103.8461
S118,1.5,2018-01-08,Dhoby Ghaut ,1.2994,103.8461
S118,0.0,2018-01-09,Dhoby Ghaut ,1.2994,103.8461
S118,0.0,2018-01-10,Dhoby Ghaut ,1.2994,103.8461
S119,1.2333333333333332,2018-01-02,Nicoll Highway ,1.3011,103.8666
S119,0.03333333333333333,2018-01-01,Nicoll Highway ,1.3011,103.8666
S119,0.0,2018-01-02,Nicoll Highway ,1.3011,103.8666
S119,0.03333333333333333,2018-01-01,Nicoll Highway ,1.3011,103.8666
S119,0.0,2018-01-02,Nicoll Highway ,1.3011,103.8666
S119,0.0,2018-01-03,Nicoll Highway ,1.3011,103.8666
S119,0.0,2018-01-04,Nicoll Highway ,1.3011,103.8666
S119,0.0,2018-01-05,Nicoll Highway ,1.3011,103.8666
S119,0.0,2018-01-06,Nicoll Highway ,1.3011,103.8666
S119,0.0,2018-01-07,Nicoll Highway ,1.3011,103.8666
S119,1.2333333333333332,2018-01-08,Nicoll Highway ,1.3011,103.8666
S119,0.0,2018-01-09,Nicoll Highway ,1.3011,103.8666
S119,0.0,2018-01-10,Nicoll Highway ,1.3011,103.8666
S120,0.5666666666666667,2018-01-02,Botanic Garden ,1.3087,103.818
S120,0.10000000000000002,2018-01-01,Botanic Garden ,1.3087,103.818
S120,0.0,2018-01-02,Botanic Garden ,1.3087,103.818
S120,0.10000000000000002,2018-01-01,Botanic Garden ,1.3087,103.818
S120,0.0,2018-01-02,Botanic Garden ,1.3087,103.818
S120,0.0,2018-01-03,Botanic Garden ,1.3087,103.818
S120,0.0,2018-01-04,Botanic Garden ,1.3087,103.818
S120,0.0,2018-01-05,Botanic Garden ,1.3087,103.818
S120,0.0,2018-01-06,Botanic Garden ,1.3087,103.818
S120,0.0,2018-01-07,Botanic Garden ,1.3087,103.818
S120,0.5666666666666667,2018-01-08,Botanic Garden ,1.3087,103.818
S120,0.0,2018-01-09,Botanic Garden ,1.3087,103.818
S120,0.0,2018-01-10,Botanic Garden ,1.3087,103.818
S122,1.3999999999999997,2018-01-02,Khatib ,1.4173,103.8249
S122,0.19999999999999998,2018-01-01,Khatib ,1.4173,103.8249
S122,0.0,2018-01-02,Khatib ,1.4173,103.8249
S122,0.19999999999999998,2018-01-01,Khatib ,1.4173,103.8249
S122,0.0,2018-01-02,Khatib ,1.4173,103.8249
S122,0.0,2018-01-03,Khatib ,1.4173,103.8249
S122,0.0,2018-01-04,Khatib ,1.4173,103.8249
S122,0.0,2018-01-05,Khatib ,1.4173,103.8249
S122,0.0,2018-01-06,Khatib ,1.4173,103.8249
S122,0.0,2018-01-07,Khatib ,1.4173,103.8249
S122,1.3999999999999997,2018-01-08,Khatib ,1.4173,103.8249
S122,0.0,2018-01-09,Khatib ,1.4173,103.8249
S122,0.0,2018-01-10,Khatib ,1.4173,103.8249
S123,2.3333333333333335,2018-01-02,Whampoa ,1.3214,103.8577
S123,0.10000000000000002,2018-01-01,Whampoa ,1.3214,103.8577
S123,0.0,2018-01-02,Whampoa ,1.3214,103.8577
S123,0.10000000000000002,2018-01-01,Whampoa ,1.3214,103.8577
S123,0.0,2018-01-02,Whampoa ,1.3214,103.8577
S123,0.0,2018-01-03,Whampoa ,1.3214,103.8577
S123,0.0,2018-01-04,Whampoa ,1.3214,103.8577
S123,0.0,2018-01-05,Whampoa ,1.3214,103.8577
S123,0.0,2018-01-06,Whampoa ,1.3214,103.8577
S123,0.0,2018-01-07,Whampoa ,1.3214,103.8577
S123,2.3333333333333335,2018-01-08,Whampoa ,1.3214,103.8577
S123,0.0,2018-01-09,Whampoa ,1.3214,103.8577
S123,0.0,2018-01-10,Whampoa ,1.3214,103.8577
S24,1.0999999999999999,2018-01-02,Changi Climate Station ,1.3678,103.9826
S24,0.2333333333333333,2018-01-01,Changi Climate Station ,1.3678,103.9826
S24,0.0,2018-01-02,Changi Climate Station ,1.3678,103.9826
S24,0.2333333333333333,2018-01-01,Changi Climate Station ,1.3678,103.9826
S24,0.0,2018-01-02,Changi Climate Station ,1.3678,103.9826
S24,0.0,2018-01-03,Changi Climate Station ,1.3678,103.9826
S24,0.0,2018-01-04,Changi Climate Station ,1.3678,103.9826
S24,0.0,2018-01-05,Changi Climate Station ,1.3678,103.9826
S24,0.0,2018-01-06,Changi Climate Station ,1.3678,103.9826
S24,0.0,2018-01-07,Changi Climate Station ,1.3678,103.9826
S24,1.0999999999999999,2018-01-08,Changi Climate Station ,1.3678,103.9826
S24,0.0,2018-01-09,Changi Climate Station ,1.3678,103.9826
S24,0.0,2018-01-10,Changi Climate Station ,1.3678,103.9826
S33,0.76,2018-01-02,Jurong Pier ,1.3081,103.71
S33,0.0,2018-01-03,Jurong Pier ,1.3081,103.71
S33,0.0,2018-01-04,Jurong Pier ,1.3081,103.71
S33,0.16666666666666666,2018-01-05,Jurong Pier ,1.3081,103.71
S33,0.0,2018-01-07,Jurong Pier ,1.3081,103.71
S33,0.76,2018-01-08,Jurong Pier ,1.3081,103.71
S33,0.0,2018-01-09,Jurong Pier ,1.3081,103.71
S33,0.0,2018-01-10,Jurong Pier ,1.3081,103.71
S40,1.0333333333333334,2018-01-02,Mandai ,1.4036,103.7898
S40,0.26666666666666666,2018-01-01,Mandai ,1.4036,103.7898
S40,0.0,2018-01-02,Mandai ,1.4036,103.7898
S40,0.26666666666666666,2018-01-01,Mandai ,1.4036,103.7898
S40,0.0,2018-01-02,Mandai ,1.4036,103.7898
S40,0.0,2018-01-03,Mandai ,1.4036,103.7898
S40,0.0,2018-01-04,Mandai ,1.4036,103.7898
S40,0.0,2018-01-05,Mandai ,1.4036,103.7898
S40,0.0,2018-01-06,Mandai ,1.4036,103.7898
S40,0.0,2018-01-07,Mandai ,1.4036,103.7898
S40,1.0333333333333334,2018-01-08,Mandai ,1.4036,103.7898
S40,0.0,2018-01-09,Mandai ,1.4036,103.7898
S40,0.0,2018-01-10,Mandai ,1.4036,103.7898
S43,3.066666666666667,2018-01-02,Tai Seng ,1.3399,103.8878
S43,0.26666666666666666,2018-01-01,Tai Seng ,1.3399,103.8878
S43,0.0,2018-01-02,Tai Seng ,1.3399,103.8878
S43,0.26666666666666666,2018-01-01,Tai Seng ,1.3399,103.8878
S43,0.0,2018-01-02,Tai Seng ,1.3399,103.8878
S43,0.0,2018-01-03,Tai Seng ,1.3399,103.8878
S43,0.0,2018-01-04,Tai Seng ,1.3399,103.8878
S43,0.0,2018-01-05,Tai Seng ,1.3399,103.8878
S43,0.0,2018-01-06,Tai Seng ,1.3399,103.8878
S43,0.0,2018-01-07,Tai Seng ,1.3399,103.8878
S43,3.066666666666667,2018-01-08,Tai Seng ,1.3399,103.8878
S43,0.0,2018-01-09,Tai Seng ,1.3399,103.8878
S43,0.0,2018-01-10,Tai Seng ,1.3399,103.8878
S44,0.8666666666666667,2018-01-02,Jurong (West) ,1.3455,103.6806
S44,0.4000000000000001,2018-01-01,Jurong (West) ,1.3455,103.6806
S44,0.0,2018-01-02,Jurong (West) ,1.3455,103.6806
S44,0.4000000000000001,2018-01-01,Jurong (West) ,1.3455,103.6806
S44,0.0,2018-01-02,Jurong (West) ,1.3455,103.6806
S44,0.0,2018-01-03,Jurong (West) ,1.3455,103.6806
S44,0.0,2018-01-04,Jurong (West) ,1.3455,103.6806
S44,0.0,2018-01-05,Jurong (West) ,1.3455,103.6806
S44,0.0,2018-01-06,Jurong (West) ,1.3455,103.6806
S44,0.0,2018-01-07,Jurong (West) ,1.3455,103.6806
S44,0.8666666666666667,2018-01-08,Jurong (West) ,1.3455,103.6806
S44,0.0,2018-01-09,Jurong (West) ,1.3455,103.6806
S44,0.0,2018-01-10,Jurong (West) ,1.3455,103.6806
S46,1.6,2018-01-02,Upper Thomson ,1.3416,103.8106
S46,0.0,2018-01-02,Upper Thomson ,1.3416,103.8106
S46,0.0,2018-01-02,Upper Thomson ,1.3416,103.8106
S46,0.0,2018-01-03,Upper Thomson ,1.3416,103.8106
S46,0.0,2018-01-04,Upper Thomson ,1.3416,103.8106
S46,0.0,2018-01-05,Upper Thomson ,1.3416,103.8106
S46,0.0,2018-01-06,Upper Thomson ,1.3416,103.8106
S46,0.0,2018-01-07,Upper Thomson ,1.3416,103.8106
S46,1.6,2018-01-08,Upper Thomson ,1.3416,103.8106
S46,0.0,2018-01-09,Upper Thomson ,1.3416,103.8106
S46,0.0,2018-01-10,Upper Thomson ,1.3416,103.8106
S50,1.4000000000000001,2018-01-02,Clementi ,1.3337,103.7768
S50,0.0,2018-01-04,Clementi ,1.3337,103.7768
S50,0.09999999999999999,2018-01-05,Clementi ,1.3337,103.7768
S50,1.4000000000000001,2018-01-08,Clementi ,1.3337,103.7768
S50,0.0,2018-01-09,Clementi ,1.3337,103.7768
S55,1.8333333333333333,2018-01-02,Buangkok ,1.3837,103.88600000000001
S55,0.19999999999999998,2018-01-01,Buangkok ,1.3837,103.88600000000001
S55,0.0,2018-01-02,Buangkok ,1.3837,103.88600000000001
S55,0.19999999999999998,2018-01-01,Buangkok ,1.3837,103.88600000000001
S55,0.0,2018-01-02,Buangkok ,1.3837,103.88600000000001
S55,0.0,2018-01-03,Buangkok ,1.3837,103.88600000000001
S55,0.03333333333333333,2018-01-04,Buangkok ,1.3837,103.88600000000001
S55,0.0,2018-01-05,Buangkok ,1.3837,103.88600000000001
S55,0.0,2018-01-06,Buangkok ,1.3837,103.88600000000001
S55,0.0,2018-01-07,Buangkok ,1.3837,103.88600000000001
S55,1.8333333333333333,2018-01-08,Buangkok ,1.3837,103.88600000000001
S55,0.0,2018-01-09,Buangkok ,1.3837,103.88600000000001
S55,0.0,2018-01-10,Buangkok ,1.3837,103.88600000000001
S60,0.13333333333333333,2018-01-02,Sentosa Island ,1.25,103.8279
S60,0.0,2018-01-03,Sentosa Island ,1.25,103.8279
S60,0.0,2018-01-04,Sentosa Island ,1.25,103.8279
S60,0.43333333333333335,2018-01-05,Sentosa Island ,1.25,103.8279
S60,0.0,2018-01-06,Sentosa Island ,1.25,103.8279
S60,0.0,2018-01-07,Sentosa Island ,1.25,103.8279
S60,0.13333333333333333,2018-01-08,Sentosa Island ,1.25,103.8279
S60,0.0,2018-01-09,Sentosa Island ,1.25,103.8279
S60,0.0,2018-01-10,Sentosa Island ,1.25,103.8279
S61,1.8999999999999997,2018-01-02,Chai Chee ,1.3277,103.9203
S61,0.13333333333333333,2018-01-01,Chai Chee ,1.3277,103.9203
S61,0.0,2018-01-02,Chai Chee ,1.3277,103.9203
S61,0.13333333333333333,2018-01-01,Chai Chee ,1.3277,103.9203
S61,0.0,2018-01-02,Chai Chee ,1.3277,103.9203
S61,0.0,2018-01-03,Chai Chee ,1.3277,103.9203
S61,0.0,2018-01-04,Chai Chee ,1.3277,103.9203
S61,0.0,2018-01-05,Chai Chee ,1.3277,103.9203
S61,0.0,2018-01-06,Chai Chee ,1.3277,103.9203
S61,0.0,2018-01-07,Chai Chee ,1.3277,103.9203
S61,1.8999999999999997,2018-01-08,Chai Chee ,1.3277,103.9203
S61,0.0,2018-01-09,Chai Chee ,1.3277,103.9203
S61,0.0,2018-01-10,Chai Chee ,1.3277,103.9203
S64,0.8666666666666667,2018-01-02,Bukit Panjang ,1.3824,103.7603
S64,0.5,2018-01-01,Bukit Panjang ,1.3824,103.7603
S64,0.0,2018-01-02,Bukit Panjang ,1.3824,103.7603
S64,0.5,2018-01-01,Bukit Panjang ,1.3824,103.7603
S64,0.0,2018-01-02,Bukit Panjang ,1.3824,103.7603
S64,0.0,2018-01-03,Bukit Panjang ,1.3824,103.7603
S64,0.0,2018-01-04,Bukit Panjang ,1.3824,103.7603
S64,0.0,2018-01-05,Bukit Panjang ,1.3824,103.7603
S64,0.0,2018-01-06,Bukit Panjang ,1.3824,103.7603
S64,0.0,2018-01-07,Bukit Panjang ,1.3824,103.7603
S64,0.8666666666666667,2018-01-08,Bukit Panjang ,1.3824,103.7603
S64,0.0,2018-01-09,Bukit Panjang ,1.3824,103.7603
S64,0.0,2018-01-10,Bukit Panjang ,1.3824,103.7603
S66,2.333333333333333,2018-01-02,Kranji Reservoir ,1.4387,103.7363
S66,0.6000000000000001,2018-01-01,Kranji Reservoir ,1.4387,103.7363
S66,0.0,2018-01-02,Kranji Reservoir ,1.4387,103.7363
S66,0.6000000000000001,2018-01-01,Kranji Reservoir ,1.4387,103.7363
S66,0.0,2018-01-02,Kranji Reservoir ,1.4387,103.7363
S66,0.0,2018-01-03,Kranji Reservoir ,1.4387,103.7363
S66,0.0,2018-01-04,Kranji Reservoir ,1.4387,103.7363
S66,0.0,2018-01-05,Kranji Reservoir ,1.4387,103.7363
S66,0.0,2018-01-06,Kranji Reservoir ,1.4387,103.7363
S66,0.0,2018-01-07,Kranji Reservoir ,1.4387,103.7363
S66,2.333333333333333,2018-01-08,Kranji Reservoir ,1.4387,103.7363
S66,0.0,2018-01-09,Kranji Reservoir ,1.4387,103.7363
S66,0.0,2018-01-10,Kranji Reservoir ,1.4387,103.7363
S69,1.7333333333333334,2018-01-02,Upper Peirce Reservoir ,1.37,103.805
S69,0.5333333333333333,2018-01-01,Upper Peirce Reservoir ,1.37,103.805
S69,0.5333333333333333,2018-01-01,Upper Peirce Reservoir ,1.37,103.805
S69,0.0,2018-01-03,Upper Peirce Reservoir ,1.37,103.805
S69,0.0,2018-01-04,Upper Peirce Reservoir ,1.37,103.805
S69,0.0,2018-01-05,Upper Peirce Reservoir ,1.37,103.805
S69,0.0,2018-01-06,Upper Peirce Reservoir ,1.37,103.805
S69,0.0,2018-01-07,Upper Peirce Reservoir ,1.37,103.805
S69,1.7333333333333334,2018-01-08,Upper Peirce Reservoir ,1.37,103.805
S69,0.0,2018-01-09,Upper Peirce Reservoir ,1.37,103.805
S69,0.0,2018-01-10,Upper Peirce Reservoir ,1.37,103.805
S71,0.5,2018-01-02,Kent Ridge ,1.2923,103.7815
S71,0.19999999999999998,2018-01-01,Kent Ridge ,1.2923,103.7815
S71,0.0,2018-01-02,Kent Ridge ,1.2923,103.7815
S71,0.19999999999999998,2018-01-01,Kent Ridge ,1.2923,103.7815
S71,0.0,2018-01-02,Kent Ridge ,1.2923,103.7815
S71,0.0,2018-01-03,Kent Ridge ,1.2923,103.7815
S71,0.0,2018-01-04,Kent Ridge ,1.2923,103.7815
S71,0.0,2018-01-07,Kent Ridge ,1.2923,103.7815
S71,0.5,2018-01-08,Kent Ridge ,1.2923,103.7815
S77,0.5333333333333333,2018-01-02,Queenstown ,1.2937,103.8125
S77,0.10000000000000002,2018-01-01,Queenstown ,1.2937,103.8125
S77,0.0,2018-01-02,Queenstown ,1.2937,103.8125
S77,0.10000000000000002,2018-01-01,Queenstown ,1.2937,103.8125
S77,0.0,2018-01-02,Queenstown ,1.2937,103.8125
S77,0.0,2018-01-03,Queenstown ,1.2937,103.8125
S77,0.0,2018-01-04,Queenstown ,1.2937,103.8125
S77,0.0,2018-01-05,Queenstown ,1.2937,103.8125
S77,0.0,2018-01-06,Queenstown ,1.2937,103.8125
S77,0.0,2018-01-07,Queenstown ,1.2937,103.8125
S77,0.5333333333333333,2018-01-08,Queenstown ,1.2937,103.8125
S77,0.0,2018-01-09,Queenstown ,1.2937,103.8125
S77,0.0,2018-01-10,Queenstown ,1.2937,103.8125
S78,1.366666666666667,2018-01-02,Tanjong Katong ,1.307,103.8907
S78,0.03333333333333333,2018-01-01,Tanjong Katong ,1.307,103.8907
S78,0.0,2018-01-02,Tanjong Katong ,1.307,103.8907
S78,0.03333333333333333,2018-01-01,Tanjong Katong ,1.307,103.8907
S78,0.0,2018-01-02,Tanjong Katong ,1.307,103.8907
S78,0.0,2018-01-03,Tanjong Katong ,1.307,103.8907
S78,0.0,2018-01-04,Tanjong Katong ,1.307,103.8907
S78,0.0,2018-01-05,Tanjong Katong ,1.307,103.8907
S78,0.0,2018-01-06,Tanjong Katong ,1.307,103.8907
S78,0.0,2018-01-07,Tanjong Katong ,1.307,103.8907
S78,1.366666666666667,2018-01-08,Tanjong Katong ,1.307,103.8907
S78,0.0,2018-01-09,Tanjong Katong ,1.307,103.8907
S78,0.0,2018-01-10,Tanjong Katong ,1.307,103.8907
S79,1.8,2018-01-02,Somerset (Road) ,1.3004,103.8372
S79,0.03333333333333333,2018-01-01,Somerset (Road) ,1.3004,103.8372
S79,0.0,2018-01-02,Somerset (Road) ,1.3004,103.8372
S79,0.03333333333333333,2018-01-01,Somerset (Road) ,1.3004,103.8372
S79,0.0,2018-01-02,Somerset (Road) ,1.3004,103.8372
S79,0.0,2018-01-03,Somerset (Road) ,1.3004,103.8372
S79,0.0,2018-01-04,Somerset (Road) ,1.3004,103.8372
S79,0.0,2018-01-05,Somerset (Road) ,1.3004,103.8372
S79,0.0,2018-01-06,Somerset (Road) ,1.3004,103.8372
S79,0.0,2018-01-07,Somerset (Road) ,1.3004,103.8372
S79,1.8,2018-01-08,Somerset (Road) ,1.3004,103.8372
S79,0.0,2018-01-09,Somerset (Road) ,1.3004,103.8372
S79,0.0,2018-01-10,Somerset (Road) ,1.3004,103.8372
S81,0.7000000000000001,2018-01-02,Punggol ,1.4029,103.9092
S81,0.3,2018-01-01,Punggol ,1.4029,103.9092
S81,0.0,2018-01-02,Punggol ,1.4029,103.9092
S81,0.3,2018-01-01,Punggol ,1.4029,103.9092
S81,0.0,2018-01-02,Punggol ,1.4029,103.9092
S81,0.0,2018-01-03,Punggol ,1.4029,103.9092
S81,0.0,2018-01-04,Punggol ,1.4029,103.9092
S81,0.0,2018-01-05,Punggol ,1.4029,103.9092
S81,0.0,2018-01-06,Punggol ,1.4029,103.9092
S81,0.0,2018-01-07,Punggol ,1.4029,103.9092
S81,0.7000000000000001,2018-01-08,Punggol ,1.4029,103.9092
S81,0.0,2018-01-09,Punggol ,1.4029,103.9092
S81,0.0,2018-01-10,Punggol ,1.4029,103.9092
S82,0.3666666666666667,2018-01-02,Tuas West ,1.3247,103.6351
S82,0.03333333333333333,2018-01-01,Tuas West ,1.3247,103.6351
S82,0.0,2018-01-02,Tuas West ,1.3247,103.6351
S82,0.03333333333333333,2018-01-01,Tuas West ,1.3247,103.6351
S82,0.0,2018-01-02,Tuas West ,1.3247,103.6351
S82,0.0,2018-01-03,Tuas West ,1.3247,103.6351
S82,0.0,2018-01-04,Tuas West ,1.3247,103.6351
S82,0.0,2018-01-05,Tuas West ,1.3247,103.6351
S82,0.0,2018-01-06,Tuas West ,1.3247,103.6351
S82,0.0,2018-01-07,Tuas West ,1.3247,103.6351
S82,0.3666666666666667,2018-01-08,Tuas West ,1.3247,103.6351
S82,0.0,2018-01-09,Tuas West ,1.3247,103.6351
S82,0.0,2018-01-10,Tuas West ,1.3247,103.6351
S84,1.2333333333333334,2018-01-02,Simei ,1.3437,103.9444
S84,0.03333333333333333,2018-01-01,Simei ,1.3437,103.9444
S84,0.0,2018-01-02,Simei ,1.3437,103.9444
S84,0.03333333333333333,2018-01-01,Simei ,1.3437,103.9444
S84,0.0,2018-01-02,Simei ,1.3437,103.9444
S84,0.0,2018-01-03,Simei ,1.3437,103.9444
S84,0.0,2018-01-04,Simei ,1.3437,103.9444
S84,0.0,2018-01-05,Simei ,1.3437,103.9444
S84,0.0,2018-01-06,Simei ,1.3437,103.9444
S84,0.10000000000000002,2018-01-07,Simei ,1.3437,103.9444
S84,1.2333333333333334,2018-01-08,Simei ,1.3437,103.9444
S84,0.0,2018-01-09,Simei ,1.3437,103.9444
S84,0.0,2018-01-10,Simei ,1.3437,103.9444
S88,1.9666666666666668,2018-01-02,Toa Payoh ,1.3415,103.8519
S88,0.26666666666666666,2018-01-01,Toa Payoh ,1.3415,103.8519
S88,0.0,2018-01-02,Toa Payoh ,1.3415,103.8519
S88,0.26666666666666666,2018-01-01,Toa Payoh ,1.3415,103.8519
S88,0.0,2018-01-02,Toa Payoh ,1.3415,103.8519
S88,0.0,2018-01-03,Toa Payoh ,1.3415,103.8519
S88,0.0,2018-01-04,Toa Payoh ,1.3415,103.8519
S88,0.0,2018-01-05,Toa Payoh ,1.3415,103.8519
S88,0.0,2018-01-06,Toa Payoh ,1.3415,103.8519
S88,0.0,2018-01-07,Toa Payoh ,1.3415,103.8519
S88,1.9666666666666668,2018-01-08,Toa Payoh ,1.3415,103.8519
S88,0.0,2018-01-09,Toa Payoh ,1.3415,103.8519
S88,0.0,2018-01-10,Toa Payoh ,1.3415,103.8519
S89,0.4333333333333333,2018-01-02,Tuas ,1.3199,103.6616
S89,0.16666666666666666,2018-01-01,Tuas ,1.3199,103.6616
S89,0.0,2018-01-02,Tuas ,1.3199,103.6616
S89,0.16666666666666666,2018-01-01,Tuas ,1.3199,103.6616
S89,0.0,2018-01-02,Tuas ,1.3199,103.6616
S89,0.0,2018-01-03,Tuas ,1.3199,103.6616
S89,0.0,2018-01-04,Tuas ,1.3199,103.6616
S89,0.0,2018-01-05,Tuas ,1.3199,103.6616
S89,0.0,2018-01-06,Tuas ,1.3199,103.6616
S89,0.0,2018-01-07,Tuas ,1.3199,103.6616
S89,0.4333333333333333,2018-01-08,Tuas ,1.3199,103.6616
S89,0.0,2018-01-09,Tuas ,1.3199,103.6616
S89,0.0,2018-01-10,Tuas ,1.3199,103.6616
S90,0.3666666666666667,2018-01-02,Bukit Timah ,1.3191,103.8191
S90,0.26666666666666666,2018-01-01,Bukit Timah ,1.3191,103.8191
S90,0.0,2018-01-02,Bukit Timah ,1.3191,103.8191
S90,0.26666666666666666,2018-01-01,Bukit Timah ,1.3191,103.8191
S90,0.0,2018-01-02,Bukit Timah ,1.3191,103.8191
S90,0.0,2018-01-03,Bukit Timah ,1.3191,103.8191
S90,0.0,2018-01-04,Bukit Timah ,1.3191,103.8191
S90,0.0,2018-01-05,Bukit Timah ,1.3191,103.8191
S90,0.0,2018-01-06,Bukit Timah ,1.3191,103.8191
S90,0.0,2018-01-07,Bukit Timah ,1.3191,103.8191
S90,0.3666666666666667,2018-01-08,Bukit Timah ,1.3191,103.8191
S90,0.0,2018-01-09,Bukit Timah ,1.3191,103.8191
S90,0.0,2018-01-10,Bukit Timah ,1.3191,103.8191
S91,1.1333333333333333,2018-01-02,Yishun ,1.4301,103.8308
S91,0.26666666666666666,2018-01-01,Yishun ,1.4301,103.8308
S91,0.0,2018-01-02,Yishun ,1.4301,103.8308
S91,0.26666666666666666,2018-01-01,Yishun ,1.4301,103.8308
S91,0.0,2018-01-02,Yishun ,1.4301,103.8308
S91,0.0,2018-01-03,Yishun ,1.4301,103.8308
S91,0.0,2018-01-04,Yishun ,1.4301,103.8308
S91,0.0,2018-01-05,Yishun ,1.4301,103.8308
S91,0.0,2018-01-06,Yishun ,1.4301,103.8308
S91,0.0,2018-01-07,Yishun ,1.4301,103.8308
S91,1.1333333333333333,2018-01-08,Yishun ,1.4301,103.8308
S91,0.0,2018-01-09,Yishun ,1.4301,103.8308
S91,0.0,2018-01-10,Yishun ,1.4301,103.8308
S92,0.20000000000000004,2018-01-02,Buona Vista ,1.2841,103.7886
S92,0.16666666666666666,2018-01-01,Buona Vista ,1.2841,103.7886
S92,0.0,2018-01-02,Buona Vista ,1.2841,103.7886
S92,0.16666666666666666,2018-01-01,Buona Vista ,1.2841,103.7886
S92,0.0,2018-01-02,Buona Vista ,1.2841,103.7886
S92,0.0,2018-01-03,Buona Vista ,1.2841,103.7886
S92,0.0,2018-01-04,Buona Vista ,1.2841,103.7886
S92,0.3666666666666667,2018-01-05,Buona Vista ,1.2841,103.7886
S92,0.0,2018-01-06,Buona Vista ,1.2841,103.7886
S92,0.0,2018-01-07,Buona Vista ,1.2841,103.7886
S92,0.20000000000000004,2018-01-08,Buona Vista ,1.2841,103.7886
S92,0.0,2018-01-09,Buona Vista ,1.2841,103.7886
S92,0.0,2018-01-10,Buona Vista ,1.2841,103.7886
S94,1.7666666666666666,2018-01-02,Pasir Ris (Central) ,1.3679,103.9489
S94,0.13333333333333333,2018-01-01,Pasir Ris (Central) ,1.3679,103.9489
S94,0.0,2018-01-02,Pasir Ris (Central) ,1.3679,103.9489
S94,0.13333333333333333,2018-01-01,Pasir Ris (Central) ,1.3679,103.9489
S94,0.0,2018-01-02,Pasir Ris (Central) ,1.3679,103.9489
S94,0.0,2018-01-03,Pasir Ris (Central) ,1.3679,103.9489
S94,0.03333333333333333,2018-01-04,Pasir Ris (Central) ,1.3679,103.9489
S94,0.0,2018-01-05,Pasir Ris (Central) ,1.3679,103.9489
S94,0.0,2018-01-06,Pasir Ris (Central) ,1.3679,103.9489
S94,0.0,2018-01-07,Pasir Ris (Central) ,1.3679,103.9489
S94,1.7666666666666666,2018-01-08,Pasir Ris (Central) ,1.3679,103.9489
S94,0.0,2018-01-09,Pasir Ris (Central) ,1.3679,103.9489
S94,0.0,2018-01-10,Pasir Ris (Central) ,1.3679,103.9489
S121,0.8666666666666667,2018-01-01,Choa Chu Kang (South) ,1.3729,103.7224
S121,0.0,2018-01-02,Choa Chu Kang (South) ,1.3729,103.7224
S121,0.8666666666666667,2018-01-01,Choa Chu Kang (South) ,1.3729,103.7224
S121,0.0,2018-01-02,Choa Chu Kang (South) ,1.3729,103.7224
S121,0.0,2018-01-03,Choa Chu Kang (South) ,1.3729,103.7224
S121,0.0,2018-01-04,Choa Chu Kang (South) ,1.3729,103.7224
S121,0.0,2018-01-05,Choa Chu Kang (South) ,1.3729,103.7224
S121,0.0,2018-01-06,Choa Chu Kang (South) ,1.3729,103.7224
S121,0.0,2018-01-09,Choa Chu Kang (South) ,1.3729,103.7224
S121,0.0,2018-01-10,Choa Chu Kang (South) ,1.3729,103.7224
S29,0.0,2018-01-01,Pasir Ris (West) ,1.3863,103.9412
S29,0.0,2018-01-02,Pasir Ris (West) ,1.3863,103.9412
S29,0.0,2018-01-01,Pasir Ris (West) ,1.3863,103.9412
S29,0.0,2018-01-02,Pasir Ris (West) ,1.3863,103.9412
S29,0.0,2018-01-05,Pasir Ris (West) ,1.3863,103.9412
S29,0.0,2018-01-06,Pasir Ris (West) ,1.3863,103.9412
S29,0.0,2018-01-07,Pasir Ris (West) ,1.3863,103.9412
S35,0.0,2018-01-01,Ulu Pandan ,1.3329,103.7556
S35,0.0,2018-01-02,Ulu Pandan ,1.3329,103.7556
S35,0.0,2018-01-01,Ulu Pandan ,1.3329,103.7556
S35,0.0,2018-01-02,Ulu Pandan ,1.3329,103.7556
S35,0.0,2018-01-03,Ulu Pandan ,1.3329,103.7556
S35,0.0,2018-01-04,Ulu Pandan ,1.3329,103.7556
S35,0.0,2018-01-05,Ulu Pandan ,1.3329,103.7556
S35,0.0,2018-01-06,Ulu Pandan ,1.3329,103.7556
S35,0.0,2018-01-07,Ulu Pandan ,1.3329,103.7556
S35,0.0,2018-01-09,Ulu Pandan ,1.3329,103.7556
S35,0.0,2018-01-10,Ulu Pandan ,1.3329,103.7556
S36,0.3,2018-01-01,Serangoon ,1.3382,103.8657
S36,0.0,2018-01-02,Serangoon ,1.3382,103.8657
S36,0.3,2018-01-01,Serangoon ,1.3382,103.8657
S36,0.0,2018-01-02,Serangoon ,1.3382,103.8657
S36,0.0,2018-01-03,Serangoon ,1.3382,103.8657
S36,0.0,2018-01-04,Serangoon ,1.3382,103.8657
S36,0.0,2018-01-06,Serangoon ,1.3382,103.8657
S36,0.0,2018-01-09,Serangoon ,1.3382,103.8657
S36,0.0,2018-01-10,Serangoon ,1.3382,103.8657
