station_id,rainfall,timestamp (SGT),name,longitude,latitude
S77,0,08-01-18 0:05,Alexandra Road,103.8125,1.2937
S77,0,08-01-18 0:35,Alexandra Road,103.8125,1.2937
S77,0,08-01-18 1:05,Alexandra Road,103.8125,1.2937
S77,0,08-01-18 1:35,Alexandra Road,103.8125,1.2937
S77,0,08-01-18 2:05,Alexandra Road,103.8125,1.2937
S77,0,08-01-18 2:35,Alexandra Road,103.8125,1.2937
S77,0,08-01-18 3:05,Alexandra Road,103.8125,1.2937
S77,0,08-01-18 3:35,Alexandra Road,103.8125,1.2937
S77,0,08-01-18 4:05,Alexandra Road,103.8125,1.2937
S77,0,08-01-18 4:25,Alexandra Road,103.8125,1.2937
S77,0,08-01-18 5:05,Alexandra Road,103.8125,1.2937
S77,0,08-01-18 5:35,Alexandra Road,103.8125,1.2937
S77,0,08-01-18 6:05,Alexandra Road,103.8125,1.2937
S77,0,08-01-18 6:35,Alexandra Road,103.8125,1.2937
S77,2,08-01-18 7:05,Alexandra Road,103.8125,1.2937
S77,0.2,08-01-18 7:35,Alexandra Road,103.8125,1.2937
S77,0.6,08-01-18 8:05,Alexandra Road,103.8125,1.2937
S77,0.4,08-01-18 8:35,Alexandra Road,103.8125,1.2937
S77,0,08-01-18 9:05,Alexandra Road,103.8125,1.2937
S77,0,08-01-18 9:35,Alexandra Road,103.8125,1.2937
S77,0.4,08-01-18 10:05,Alexandra Road,103.8125,1.2937
S77,0,08-01-18 10:35,Alexandra Road,103.8125,1.2937
S77,0,08-01-18 11:05,Alexandra Road,103.8125,1.2937
S77,0,08-01-18 11:35,Alexandra Road,103.8125,1.2937
S77,0,08-01-18 12:05,Alexandra Road,103.8125,1.2937
S77,0,08-01-18 12:35,Alexandra Road,103.8125,1.2937
S77,0,08-01-18 13:05,Alexandra Road,103.8125,1.2937
S77,0,08-01-18 13:35,Alexandra Road,103.8125,1.2937
S77,0,08-01-18 14:05,Alexandra Road,103.8125,1.2937
S77,0,08-01-18 14:35,Alexandra Road,103.8125,1.2937
S77,0,08-01-18 15:05,Alexandra Road,103.8125,1.2937
S77,0,08-01-18 15:35,Alexandra Road,103.8125,1.2937
S77,0,08-01-18 16:05,Alexandra Road,103.8125,1.2937
S77,0,08-01-18 16:35,Alexandra Road,103.8125,1.2937
S77,0,08-01-18 17:05,Alexandra Road,103.8125,1.2937
S77,0,08-01-18 17:35,Alexandra Road,103.8125,1.2937
S77,0,08-01-18 18:05,Alexandra Road,103.8125,1.2937
S77,0,08-01-18 18:35,Alexandra Road,103.8125,1.2937
S77,0,08-01-18 19:05,Alexandra Road,103.8125,1.2937
S77,0,08-01-18 19:35,Alexandra Road,103.8125,1.2937
S77,0,08-01-18 20:05,Alexandra Road,103.8125,1.2937
S77,0,08-01-18 20:35,Alexandra Road,103.8125,1.2937
S77,0,08-01-18 21:05,Alexandra Road,103.8125,1.2937
S77,0,08-01-18 21:35,Alexandra Road,103.8125,1.2937
S77,0,08-01-18 22:05,Alexandra Road,103.8125,1.2937
S77,0,08-01-18 22:35,Alexandra Road,103.8125,1.2937
S77,0,08-01-18 23:05,Alexandra Road,103.8125,1.2937
S77,0,08-01-18 23:35,Alexandra Road,103.8125,1.2937
S77,0,09-01-18 0:05,Alexandra Road,103.8125,1.2937
S109,0,08-01-18 0:05,,,
S109,0,08-01-18 0:35,,,
S109,0,08-01-18 1:05,,,
S109,0,08-01-18 1:35,,,
S109,0,08-01-18 2:05,,,
S109,0,08-01-18 2:35,,,
S109,0,08-01-18 3:05,,,
S109,0,08-01-18 3:35,,,
S109,0,08-01-18 4:25,,,
S109,0,08-01-18 5:05,,,
S109,0,08-01-18 5:35,,,
S109,0,08-01-18 6:05,,,
S109,0,08-01-18 6:35,,,
S109,1,08-01-18 7:05,,,
S109,0,08-01-18 7:35,,,
S109,0.2,08-01-18 8:05,,,
S109,4.6,08-01-18 8:35,,,
S109,1.2,08-01-18 9:05,,,
S109,1.2,08-01-18 9:35,,,
S109,4.8,08-01-18 10:05,,,
S109,0,08-01-18 10:35,,,
S109,0,08-01-18 11:05,,,
S109,0,08-01-18 11:35,,,
S109,0,08-01-18 12:05,,,
S109,0,08-01-18 12:35,,,
S109,0,08-01-18 13:05,,,
S109,0,08-01-18 13:35,,,
S109,0,08-01-18 14:05,,,
S109,0,08-01-18 14:35,,,
S109,0,08-01-18 15:05,,,
S109,0,08-01-18 15:35,,,
S109,0,08-01-18 16:05,,,
S109,0,08-01-18 16:35,,,
S109,0,08-01-18 17:05,,,
S109,0,08-01-18 17:35,,,
S109,0,08-01-18 18:05,,,
S109,0,08-01-18 18:35,,,
S109,0,08-01-18 19:05,,,
S109,0,08-01-18 19:35,,,
S109,0,08-01-18 20:05,,,
S109,0,08-01-18 20:35,,,
S109,0,08-01-18 21:05,,,
S109,0,08-01-18 21:35,,,
S109,0,08-01-18 22:05,,,
S109,0,08-01-18 22:35,,,
S109,0,08-01-18 23:05,,,
S109,0,08-01-18 23:35,,,
S117,0,08-01-18 0:05,,,
S117,0,08-01-18 0:35,,,
S117,0,08-01-18 1:05,,,
S117,0,08-01-18 1:35,,,
S117,0,08-01-18 2:05,,,
S117,0,08-01-18 2:35,,,
S117,0,08-01-18 3:05,,,
S117,0,08-01-18 3:35,,,
S117,0,08-01-18 4:05,,,
S117,0,08-01-18 4:25,,,
S117,0,08-01-18 5:05,,,
S117,0,08-01-18 5:35,,,
S117,0,08-01-18 6:05,,,
S117,0,08-01-18 6:35,,,
S117,0,08-01-18 7:05,,,
S117,0.2,08-01-18 7:35,,,
S117,0,08-01-18 8:05,,,
S117,0.2,08-01-18 8:35,,,
S117,0,08-01-18 9:05,,,
S117,0.2,08-01-18 9:35,,,
S117,0,08-01-18 10:05,,,
S117,0,08-01-18 10:35,,,
S117,0,08-01-18 11:05,,,
S117,0,08-01-18 11:35,,,
S117,0,08-01-18 12:05,,,
S117,0,08-01-18 12:35,,,
S117,0,08-01-18 13:05,,,
S117,0,08-01-18 13:35,,,
S117,0,08-01-18 14:05,,,
S117,0,08-01-18 14:35,,,
S117,0,08-01-18 15:05,,,
S117,0,08-01-18 15:35,,,
S117,0,08-01-18 16:05,,,
S117,0,08-01-18 16:35,,,
S117,0,08-01-18 17:05,,,
S117,0,08-01-18 17:35,,,
S117,0,08-01-18 18:05,,,
S117,0.2,08-01-18 18:35,,,
S117,3,08-01-18 19:05,,,
S117,0.6,08-01-18 19:35,,,
S117,0,08-01-18 20:05,,,
S117,0,08-01-18 20:35,,,
S117,0,08-01-18 21:05,,,
S117,0,08-01-18 21:35,,,
S117,0,08-01-18 22:05,,,
S117,0,08-01-18 22:35,,,
S117,0,08-01-18 23:05,,,
S117,0,08-01-18 23:35,,,
S55,0,08-01-18 0:05,,,
S55,0,08-01-18 0:35,,,
S55,0,08-01-18 1:05,,,
S55,0,08-01-18 1:35,,,
S55,0,08-01-18 2:05,,,
S55,0,08-01-18 2:35,,,
S55,0,08-01-18 3:05,,,
S55,0,08-01-18 3:35,,,
S55,0,08-01-18 4:05,,,
S55,0,08-01-18 4:25,,,
S55,0,08-01-18 5:05,,,
S55,0,08-01-18 5:35,,,
S55,0,08-01-18 6:05,,,
S55,0,08-01-18 6:35,,,
S55,0,08-01-18 7:05,,,
S55,0.2,08-01-18 7:35,,,
S55,2.8,08-01-18 8:05,,,
S55,4.8,08-01-18 8:35,,,
S55,0.8,08-01-18 9:05,,,
S55,2.4,08-01-18 9:35,,,
S55,1.4,08-01-18 10:05,,,
S55,0,08-01-18 10:35,,,
S55,0,08-01-18 11:05,,,
S55,0,08-01-18 11:35,,,
S55,0,08-01-18 12:05,,,
S55,0,08-01-18 12:35,,,
S55,0,08-01-18 13:05,,,
S55,0,08-01-18 13:35,,,
S55,0,08-01-18 14:05,,,
S55,0,08-01-18 14:35,,,
S55,0,08-01-18 15:05,,,
S55,0,08-01-18 15:35,,,
S55,0,08-01-18 16:05,,,
S55,0,08-01-18 16:35,,,
S55,0,08-01-18 17:05,,,
S55,0,08-01-18 17:35,,,
S55,0,08-01-18 18:05,,,
S55,0,08-01-18 18:35,,,
S55,0,08-01-18 19:05,,,
S55,0,08-01-18 19:35,,,
S55,0,08-01-18 20:05,,,
S55,0,08-01-18 20:35,,,
S55,0,08-01-18 21:05,,,
S55,0,08-01-18 21:35,,,
S55,0,08-01-18 22:05,,,
S55,0,08-01-18 22:35,,,
S55,0,08-01-18 23:05,,,
S55,0,08-01-18 23:35,,,
S64,0,08-01-18 0:05,,,
S64,0,08-01-18 0:35,,,
S64,0,08-01-18 1:05,,,
S64,0,08-01-18 1:35,,,
S64,0,08-01-18 2:05,,,
S64,0,08-01-18 2:35,,,
S64,0,08-01-18 3:05,,,
S64,0,08-01-18 3:35,,,
S64,0,08-01-18 4:05,,,
S64,0,08-01-18 4:25,,,
S64,0,08-01-18 5:05,,,
S64,0,08-01-18 5:35,,,
S64,0,08-01-18 6:05,,,
S64,0,08-01-18 6:35,,,
S64,0,08-01-18 7:05,,,
S64,1.4,08-01-18 7:35,,,
S64,1.4,08-01-18 8:05,,,
S64,1,08-01-18 8:35,,,
S64,1.2,08-01-18 9:05,,,
S64,0.2,08-01-18 9:35,,,
S64,1,08-01-18 10:05,,,
S64,0.2,08-01-18 10:35,,,
S64,0,08-01-18 11:05,,,
S64,0,08-01-18 11:35,,,
S64,0,08-01-18 12:05,,,
S64,0,08-01-18 12:35,,,
S64,0,08-01-18 13:05,,,
S64,0,08-01-18 13:35,,,
S64,0,08-01-18 14:05,,,
S64,0,08-01-18 14:35,,,
S64,0,08-01-18 15:05,,,
S64,0,08-01-18 15:35,,,
S64,0,08-01-18 16:05,,,
S64,0,08-01-18 16:35,,,
S64,0,08-01-18 17:05,,,
S64,0,08-01-18 17:35,,,
S64,0,08-01-18 18:05,,,
S64,0,08-01-18 18:35,,,
S64,0,08-01-18 19:05,,,
S64,0,08-01-18 19:35,,,
S64,0,08-01-18 20:05,,,
S64,0,08-01-18 20:35,,,
S64,0,08-01-18 21:05,,,
S64,0,08-01-18 21:35,,,
S64,0,08-01-18 22:05,,,
S64,0,08-01-18 22:35,,,
S64,0,08-01-18 23:05,,,
S64,0,08-01-18 23:35,,,
S90,0,08-01-18 0:05,Bukit Timah Road,103.8191,1.3191
S90,0,08-01-18 0:35,Bukit Timah Road,103.8191,1.3191
S90,0,08-01-18 1:05,Bukit Timah Road,103.8191,1.3191
S90,0,08-01-18 1:35,Bukit Timah Road,103.8191,1.3191
S90,0,08-01-18 2:05,Bukit Timah Road,103.8191,1.3191
S90,0,08-01-18 2:35,Bukit Timah Road,103.8191,1.3191
S90,0,08-01-18 3:05,Bukit Timah Road,103.8191,1.3191
S90,0,08-01-18 3:35,Bukit Timah Road,103.8191,1.3191
S90,0,08-01-18 4:05,Bukit Timah Road,103.8191,1.3191
S90,0,08-01-18 4:25,Bukit Timah Road,103.8191,1.3191
S90,0,08-01-18 5:05,Bukit Timah Road,103.8191,1.3191
S90,0,08-01-18 5:35,Bukit Timah Road,103.8191,1.3191
S90,0,08-01-18 6:05,Bukit Timah Road,103.8191,1.3191
S90,0,08-01-18 6:35,Bukit Timah Road,103.8191,1.3191
S90,0.2,08-01-18 7:05,Bukit Timah Road,103.8191,1.3191
S90,0.6,08-01-18 7:35,Bukit Timah Road,103.8191,1.3191
S90,0.2,08-01-18 8:05,Bukit Timah Road,103.8191,1.3191
S90,0.2,08-01-18 8:35,Bukit Timah Road,103.8191,1.3191
S90,0.2,08-01-18 9:05,Bukit Timah Road,103.8191,1.3191
S90,0.8,08-01-18 9:35,Bukit Timah Road,103.8191,1.3191
S90,0.6,08-01-18 10:05,Bukit Timah Road,103.8191,1.3191
S90,0,08-01-18 10:35,Bukit Timah Road,103.8191,1.3191
S90,0,08-01-18 11:05,Bukit Timah Road,103.8191,1.3191
S90,0,08-01-18 11:35,Bukit Timah Road,103.8191,1.3191
S90,0,08-01-18 12:05,Bukit Timah Road,103.8191,1.3191
S90,0,08-01-18 12:35,Bukit Timah Road,103.8191,1.3191
S90,0,08-01-18 13:05,Bukit Timah Road,103.8191,1.3191
S90,0,08-01-18 13:35,Bukit Timah Road,103.8191,1.3191
S90,0,08-01-18 14:05,Bukit Timah Road,103.8191,1.3191
S90,0,08-01-18 14:35,Bukit Timah Road,103.8191,1.3191
S90,0,08-01-18 15:05,Bukit Timah Road,103.8191,1.3191
S90,0,08-01-18 15:35,Bukit Timah Road,103.8191,1.3191
S90,0,08-01-18 16:05,Bukit Timah Road,103.8191,1.3191
S90,0,08-01-18 16:35,Bukit Timah Road,103.8191,1.3191
S90,0,08-01-18 17:05,Bukit Timah Road,103.8191,1.3191
S90,0.8,08-01-18 17:35,Bukit Timah Road,103.8191,1.3191
S90,0,08-01-18 18:05,Bukit Timah Road,103.8191,1.3191
S90,0,08-01-18 18:35,Bukit Timah Road,103.8191,1.3191
S90,0,08-01-18 19:05,Bukit Timah Road,103.8191,1.3191
S90,0,08-01-18 19:35,Bukit Timah Road,103.8191,1.3191
S90,0,08-01-18 20:05,Bukit Timah Road,103.8191,1.3191
S90,0,08-01-18 20:35,Bukit Timah Road,103.8191,1.3191
S90,0,08-01-18 21:05,Bukit Timah Road,103.8191,1.3191
S90,0,08-01-18 21:35,Bukit Timah Road,103.8191,1.3191
S90,0,08-01-18 22:05,Bukit Timah Road,103.8191,1.3191
S90,0,08-01-18 22:35,Bukit Timah Road,103.8191,1.3191
S90,0,08-01-18 23:05,Bukit Timah Road,103.8191,1.3191
S90,0,08-01-18 23:35,Bukit Timah Road,103.8191,1.3191
S90,0,09-01-18 0:05,Bukit Timah Road,103.8191,1.3191
S61,0,08-01-18 0:05,Chai Chee Street,103.9217,1.323
S61,0,08-01-18 0:35,Chai Chee Street,103.9217,1.323
S61,0,08-01-18 1:05,Chai Chee Street,103.9217,1.323
S61,0,08-01-18 1:35,Chai Chee Street,103.9217,1.323
S61,0,08-01-18 2:05,Chai Chee Street,103.9217,1.323
S61,0,08-01-18 2:35,Chai Chee Street,103.9217,1.323
S61,0,08-01-18 3:05,Chai Chee Street,103.9217,1.323
S61,0,08-01-18 3:35,Chai Chee Street,103.9217,1.323
S61,0,08-01-18 4:05,Chai Chee Street,103.9217,1.323
S61,0,08-01-18 4:25,Chai Chee Street,103.9217,1.323
S61,0,08-01-18 5:05,Chai Chee Street,103.9217,1.323
S61,0,08-01-18 5:35,Chai Chee Street,103.9217,1.323
S61,0,08-01-18 6:05,Chai Chee Street,103.9217,1.323
S61,3.4,08-01-18 6:35,Chai Chee Street,103.9217,1.323
S61,0,08-01-18 7:05,Chai Chee Street,103.9217,1.323
S61,0,08-01-18 7:35,Chai Chee Street,103.9217,1.323
S61,0,08-01-18 8:05,Chai Chee Street,103.9217,1.323
S61,3.4,08-01-18 8:35,Chai Chee Street,103.9217,1.323
S61,6.8,08-01-18 9:05,Chai Chee Street,103.9217,1.323
S61,1.2,08-01-18 9:35,Chai Chee Street,103.9217,1.323
S61,0,08-01-18 10:05,Chai Chee Street,103.9217,1.323
S61,0,08-01-18 10:35,Chai Chee Street,103.9217,1.323
S61,0,08-01-18 11:05,Chai Chee Street,103.9217,1.323
S61,0,08-01-18 11:35,Chai Chee Street,103.9217,1.323
S61,0,08-01-18 12:05,Chai Chee Street,103.9217,1.323
S61,0,08-01-18 12:35,Chai Chee Street,103.9217,1.323
S61,0,08-01-18 13:05,Chai Chee Street,103.9217,1.323
S61,0,08-01-18 13:35,Chai Chee Street,103.9217,1.323
S61,0,08-01-18 14:05,Chai Chee Street,103.9217,1.323
S61,0,08-01-18 14:35,Chai Chee Street,103.9217,1.323
S61,0,08-01-18 15:05,Chai Chee Street,103.9217,1.323
S61,0,08-01-18 15:35,Chai Chee Street,103.9217,1.323
S61,0,08-01-18 16:05,Chai Chee Street,103.9217,1.323
S61,0,08-01-18 16:35,Chai Chee Street,103.9217,1.323
S61,0,08-01-18 17:05,Chai Chee Street,103.9217,1.323
S61,0,08-01-18 17:35,Chai Chee Street,103.9217,1.323
S61,0,08-01-18 18:05,Chai Chee Street,103.9217,1.323
S61,0,08-01-18 18:35,Chai Chee Street,103.9217,1.323
S61,0,08-01-18 19:05,Chai Chee Street,103.9217,1.323
S61,0,08-01-18 19:35,Chai Chee Street,103.9217,1.323
S61,0,08-01-18 20:05,Chai Chee Street,103.9217,1.323
S61,0,08-01-18 20:35,Chai Chee Street,103.9217,1.323
S61,0,08-01-18 21:05,Chai Chee Street,103.9217,1.323
S61,0,08-01-18 21:35,Chai Chee Street,103.9217,1.323
S61,0,08-01-18 22:05,Chai Chee Street,103.9217,1.323
S61,0,08-01-18 22:35,Chai Chee Street,103.9217,1.323
S61,0,08-01-18 23:05,Chai Chee Street,103.9217,1.323
S61,0,08-01-18 23:35,Chai Chee Street,103.9217,1.323
S61,0,09-01-18 0:05,Chai Chee Street,103.9217,1.323
S114,0,08-01-18 0:05,Choa Chu Kang Avenue 4,103.73,1.38
S114,0,08-01-18 0:35,Choa Chu Kang Avenue 4,103.73,1.38
S114,0,08-01-18 1:05,Choa Chu Kang Avenue 4,103.73,1.38
S114,0,08-01-18 1:35,Choa Chu Kang Avenue 4,103.73,1.38
S114,0,08-01-18 2:05,Choa Chu Kang Avenue 4,103.73,1.38
S114,0,08-01-18 2:35,Choa Chu Kang Avenue 4,103.73,1.38
S114,0,08-01-18 3:05,Choa Chu Kang Avenue 4,103.73,1.38
S114,0,08-01-18 3:35,Choa Chu Kang Avenue 4,103.73,1.38
S114,0,08-01-18 4:25,Choa Chu Kang Avenue 4,103.73,1.38
S114,0,08-01-18 5:05,Choa Chu Kang Avenue 4,103.73,1.38
S114,0,08-01-18 5:35,Choa Chu Kang Avenue 4,103.73,1.38
S114,0,08-01-18 6:05,Choa Chu Kang Avenue 4,103.73,1.38
S114,0,08-01-18 6:35,Choa Chu Kang Avenue 4,103.73,1.38
S114,0,08-01-18 7:05,Choa Chu Kang Avenue 4,103.73,1.38
S114,2.4,08-01-18 7:35,Choa Chu Kang Avenue 4,103.73,1.38
S114,0.2,08-01-18 8:05,Choa Chu Kang Avenue 4,103.73,1.38
S114,0.6,08-01-18 8:35,Choa Chu Kang Avenue 4,103.73,1.38
S114,0.4,08-01-18 9:05,Choa Chu Kang Avenue 4,103.73,1.38
S114,0,08-01-18 9:35,Choa Chu Kang Avenue 4,103.73,1.38
S114,1,08-01-18 10:05,Choa Chu Kang Avenue 4,103.73,1.38
S114,0.2,08-01-18 10:35,Choa Chu Kang Avenue 4,103.73,1.38
S114,0,08-01-18 11:05,Choa Chu Kang Avenue 4,103.73,1.38
S114,0,08-01-18 11:35,Choa Chu Kang Avenue 4,103.73,1.38
S114,0,08-01-18 12:05,Choa Chu Kang Avenue 4,103.73,1.38
S114,0,08-01-18 12:35,Choa Chu Kang Avenue 4,103.73,1.38
S114,0,08-01-18 13:05,Choa Chu Kang Avenue 4,103.73,1.38
S114,0,08-01-18 13:35,Choa Chu Kang Avenue 4,103.73,1.38
S114,0,08-01-18 14:05,Choa Chu Kang Avenue 4,103.73,1.38
S114,0,08-01-18 14:35,Choa Chu Kang Avenue 4,103.73,1.38
S114,0,08-01-18 15:05,Choa Chu Kang Avenue 4,103.73,1.38
S114,0,08-01-18 15:35,Choa Chu Kang Avenue 4,103.73,1.38
S114,0,08-01-18 16:05,Choa Chu Kang Avenue 4,103.73,1.38
S114,0,08-01-18 16:35,Choa Chu Kang Avenue 4,103.73,1.38
S114,0,08-01-18 17:05,Choa Chu Kang Avenue 4,103.73,1.38
S114,0,08-01-18 17:35,Choa Chu Kang Avenue 4,103.73,1.38
S114,0,08-01-18 18:05,Choa Chu Kang Avenue 4,103.73,1.38
S114,1.6,08-01-18 18:35,Choa Chu Kang Avenue 4,103.73,1.38
S114,0,08-01-18 19:05,Choa Chu Kang Avenue 4,103.73,1.38
S114,0,08-01-18 19:35,Choa Chu Kang Avenue 4,103.73,1.38
S114,0,08-01-18 20:05,Choa Chu Kang Avenue 4,103.73,1.38
S114,0,08-01-18 20:35,Choa Chu Kang Avenue 4,103.73,1.38
S114,0,08-01-18 21:05,Choa Chu Kang Avenue 4,103.73,1.38
S114,0,08-01-18 21:35,Choa Chu Kang Avenue 4,103.73,1.38
S114,0,08-01-18 22:05,Choa Chu Kang Avenue 4,103.73,1.38
S114,0,08-01-18 22:35,Choa Chu Kang Avenue 4,103.73,1.38
S114,0,08-01-18 23:05,Choa Chu Kang Avenue 4,103.73,1.38
S114,0,08-01-18 23:35,Choa Chu Kang Avenue 4,103.73,1.38
S114,0,09-01-18 0:05,Choa Chu Kang Avenue 4,103.73,1.38
S11,0,08-01-18 0:05,Choa Chu Kang Road,103.6938,1.3746
S11,0,08-01-18 0:35,Choa Chu Kang Road,103.6938,1.3746
S11,0,08-01-18 1:05,Choa Chu Kang Road,103.6938,1.3746
S11,0,08-01-18 1:35,Choa Chu Kang Road,103.6938,1.3746
S11,0,08-01-18 2:05,Choa Chu Kang Road,103.6938,1.3746
S11,0,08-01-18 2:35,Choa Chu Kang Road,103.6938,1.3746
S11,0,08-01-18 3:05,Choa Chu Kang Road,103.6938,1.3746
S11,0,08-01-18 3:35,Choa Chu Kang Road,103.6938,1.3746
S11,0,08-01-18 4:05,Choa Chu Kang Road,103.6938,1.3746
S11,0,08-01-18 4:25,Choa Chu Kang Road,103.6938,1.3746
S11,0,08-01-18 5:05,Choa Chu Kang Road,103.6938,1.3746
S11,0,08-01-18 5:35,Choa Chu Kang Road,103.6938,1.3746
S11,0.2,08-01-18 6:05,Choa Chu Kang Road,103.6938,1.3746
S11,0,08-01-18 6:35,Choa Chu Kang Road,103.6938,1.3746
S11,0,08-01-18 7:05,Choa Chu Kang Road,103.6938,1.3746
S11,0,08-01-18 7:35,Choa Chu Kang Road,103.6938,1.3746
S11,0.2,08-01-18 8:05,Choa Chu Kang Road,103.6938,1.3746
S11,0,08-01-18 8:35,Choa Chu Kang Road,103.6938,1.3746
S11,0.4,08-01-18 9:05,Choa Chu Kang Road,103.6938,1.3746
S11,0,08-01-18 9:35,Choa Chu Kang Road,103.6938,1.3746
S11,0,08-01-18 10:05,Choa Chu Kang Road,103.6938,1.3746
S11,0.4,08-01-18 10:35,Choa Chu Kang Road,103.6938,1.3746
S11,0,08-01-18 11:05,Choa Chu Kang Road,103.6938,1.3746
S11,0,08-01-18 11:35,Choa Chu Kang Road,103.6938,1.3746
S11,0,08-01-18 12:05,Choa Chu Kang Road,103.6938,1.3746
S11,0,08-01-18 12:35,Choa Chu Kang Road,103.6938,1.3746
S11,0,08-01-18 13:05,Choa Chu Kang Road,103.6938,1.3746
S11,0,08-01-18 13:35,Choa Chu Kang Road,103.6938,1.3746
S11,0,08-01-18 14:05,Choa Chu Kang Road,103.6938,1.3746
S11,0,08-01-18 14:35,Choa Chu Kang Road,103.6938,1.3746
S11,0,08-01-18 15:05,Choa Chu Kang Road,103.6938,1.3746
S11,0,08-01-18 15:35,Choa Chu Kang Road,103.6938,1.3746
S11,0,08-01-18 16:05,Choa Chu Kang Road,103.6938,1.3746
S11,0,08-01-18 16:35,Choa Chu Kang Road,103.6938,1.3746
S11,0,08-01-18 17:05,Choa Chu Kang Road,103.6938,1.3746
S11,0,08-01-18 17:35,Choa Chu Kang Road,103.6938,1.3746
S11,0,08-01-18 18:05,Choa Chu Kang Road,103.6938,1.3746
S11,0,08-01-18 18:35,Choa Chu Kang Road,103.6938,1.3746
S11,2.8,08-01-18 19:05,Choa Chu Kang Road,103.6938,1.3746
S11,0,08-01-18 19:35,Choa Chu Kang Road,103.6938,1.3746
S11,0,08-01-18 20:05,Choa Chu Kang Road,103.6938,1.3746
S11,0,08-01-18 20:35,Choa Chu Kang Road,103.6938,1.3746
S11,0,08-01-18 21:05,Choa Chu Kang Road,103.6938,1.3746
S11,0,08-01-18 21:35,Choa Chu Kang Road,103.6938,1.3746
S11,0,08-01-18 22:05,Choa Chu Kang Road,103.6938,1.3746
S11,0,08-01-18 22:35,Choa Chu Kang Road,103.6938,1.3746
S11,0,08-01-18 23:05,Choa Chu Kang Road,103.6938,1.3746
S11,0,08-01-18 23:35,Choa Chu Kang Road,103.6938,1.3746
S11,0,09-01-18 0:05,Choa Chu Kang Road,103.6938,1.3746
S50,0,08-01-18 0:05,Clementi Road,103.7768,1.3337
S50,0,08-01-18 0:35,Clementi Road,103.7768,1.3337
S50,0,08-01-18 1:05,Clementi Road,103.7768,1.3337
S50,0,08-01-18 1:35,Clementi Road,103.7768,1.3337
S50,0,08-01-18 2:05,Clementi Road,103.7768,1.3337
S50,0,08-01-18 2:35,Clementi Road,103.7768,1.3337
S50,0,08-01-18 3:05,Clementi Road,103.7768,1.3337
S50,0,08-01-18 3:35,Clementi Road,103.7768,1.3337
S50,0,08-01-18 4:05,Clementi Road,103.7768,1.3337
S50,0,08-01-18 4:25,Clementi Road,103.7768,1.3337
S50,0,08-01-18 5:05,Clementi Road,103.7768,1.3337
S50,0,08-01-18 5:35,Clementi Road,103.7768,1.3337
S50,0.2,08-01-18 6:05,Clementi Road,103.7768,1.3337
S50,0,08-01-18 6:35,Clementi Road,103.7768,1.3337
S50,1,08-01-18 7:05,Clementi Road,103.7768,1.3337
S50,3.8,08-01-18 7:35,Clementi Road,103.7768,1.3337
S50,0.4,08-01-18 8:05,Clementi Road,103.7768,1.3337
S50,1,08-01-18 8:35,Clementi Road,103.7768,1.3337
S50,1,08-01-18 9:05,Clementi Road,103.7768,1.3337
S50,1.2,08-01-18 9:35,Clementi Road,103.7768,1.3337
S50,1.2,08-01-18 10:05,Clementi Road,103.7768,1.3337
S50,0.2,08-01-18 10:35,Clementi Road,103.7768,1.3337
S50,0,08-01-18 11:05,Clementi Road,103.7768,1.3337
S50,0,08-01-18 11:35,Clementi Road,103.7768,1.3337
S50,0,08-01-18 12:05,Clementi Road,103.7768,1.3337
S50,0,08-01-18 12:35,Clementi Road,103.7768,1.3337
S50,0,08-01-18 13:05,Clementi Road,103.7768,1.3337
S50,0,08-01-18 13:35,Clementi Road,103.7768,1.3337
S50,0,08-01-18 14:05,Clementi Road,103.7768,1.3337
S50,0,08-01-18 14:35,Clementi Road,103.7768,1.3337
S50,0,08-01-18 15:05,Clementi Road,103.7768,1.3337
S50,0,08-01-18 15:35,Clementi Road,103.7768,1.3337
S50,0,08-01-18 16:05,Clementi Road,103.7768,1.3337
S50,0,08-01-18 16:35,Clementi Road,103.7768,1.3337
S50,0,08-01-18 17:05,Clementi Road,103.7768,1.3337
S50,0.2,08-01-18 17:35,Clementi Road,103.7768,1.3337
S50,0,08-01-18 18:05,Clementi Road,103.7768,1.3337
S50,0,08-01-18 18:35,Clementi Road,103.7768,1.3337
S50,0,08-01-18 19:05,Clementi Road,103.7768,1.3337
S50,0,08-01-18 19:35,Clementi Road,103.7768,1.3337
S50,0,08-01-18 20:05,Clementi Road,103.7768,1.3337
S50,0,08-01-18 20:35,Clementi Road,103.7768,1.3337
S50,0,08-01-18 21:05,Clementi Road,103.7768,1.3337
S50,0,08-01-18 21:35,Clementi Road,103.7768,1.3337
S50,0,08-01-18 22:05,Clementi Road,103.7768,1.3337
S50,0,08-01-18 22:35,Clementi Road,103.7768,1.3337
S50,0,08-01-18 23:05,Clementi Road,103.7768,1.3337
S50,0,08-01-18 23:35,Clementi Road,103.7768,1.3337
S50,0,09-01-18 0:05,Clementi Road,103.7768,1.3337
S107,0,08-01-18 0:05,,,
S107,0,08-01-18 0:35,,,
S107,0,08-01-18 1:05,,,
S107,0,08-01-18 1:35,,,
S107,0,08-01-18 2:05,,,
S107,0,08-01-18 2:35,,,
S107,0,08-01-18 3:05,,,
S107,0,08-01-18 3:35,,,
S107,0,08-01-18 4:05,,,
S107,0,08-01-18 4:25,,,
S107,0,08-01-18 5:05,,,
S107,0,08-01-18 5:35,,,
S107,0,08-01-18 6:05,,,
S107,0,08-01-18 6:35,,,
S107,0,08-01-18 7:05,,,
S107,0,08-01-18 7:35,,,
S107,0.2,08-01-18 8:05,,,
S107,0.2,08-01-18 8:35,,,
S107,1.6,08-01-18 9:05,,,
S107,0,08-01-18 9:35,,,
S107,0,08-01-18 10:05,,,
S107,0,08-01-18 10:35,,,
S107,0,08-01-18 11:35,,,
S107,0,08-01-18 12:05,,,
S107,0.2,08-01-18 12:35,,,
S107,0,08-01-18 13:05,,,
S107,0,08-01-18 13:35,,,
S107,0,08-01-18 14:05,,,
S107,0,08-01-18 14:35,,,
S107,0,08-01-18 15:05,,,
S107,0,08-01-18 15:35,,,
S107,0,08-01-18 16:05,,,
S107,0,08-01-18 16:35,,,
S107,0,08-01-18 17:05,,,
S107,0,08-01-18 17:35,,,
S107,0,08-01-18 18:05,,,
S107,0,08-01-18 18:35,,,
S107,0,08-01-18 19:05,,,
S107,0,08-01-18 19:35,,,
S107,0,08-01-18 20:05,,,
S107,0,08-01-18 20:35,,,
S107,0,08-01-18 21:05,,,
S107,0,08-01-18 21:35,,,
S107,0,08-01-18 22:05,,,
S107,0,08-01-18 22:35,,,
S107,0,08-01-18 23:05,,,
S107,0,08-01-18 23:35,,,
S118,0,08-01-18 0:05,,,
S118,0,08-01-18 0:35,,,
S118,0,08-01-18 1:05,,,
S118,0,08-01-18 1:35,,,
S118,0,08-01-18 2:05,,,
S118,0,08-01-18 2:35,,,
S118,0,08-01-18 3:05,,,
S118,0,08-01-18 3:35,,,
S118,0,08-01-18 4:05,,,
S118,0,08-01-18 4:25,,,
S118,0,08-01-18 5:05,,,
S118,0,08-01-18 5:35,,,
S118,0,08-01-18 6:05,,,
S118,0,08-01-18 6:35,,,
S118,1.2,08-01-18 7:05,,,
S118,0.8,08-01-18 7:35,,,
S118,2.2,08-01-18 8:05,,,
S118,1.2,08-01-18 8:35,,,
S118,0.2,08-01-18 9:05,,,
S118,3.4,08-01-18 9:35,,,
S118,0.2,08-01-18 10:05,,,
S118,0,08-01-18 10:35,,,
S118,0,08-01-18 11:05,,,
S118,0,08-01-18 11:35,,,
S118,0,08-01-18 12:05,,,
S118,0,08-01-18 12:35,,,
S118,0,08-01-18 13:05,,,
S118,0,08-01-18 13:35,,,
S118,0,08-01-18 14:05,,,
S118,0,08-01-18 14:35,,,
S118,0,08-01-18 15:05,,,
S118,0,08-01-18 15:35,,,
S118,0,08-01-18 16:05,,,
S118,0,08-01-18 16:35,,,
S118,0,08-01-18 17:05,,,
S118,0,08-01-18 17:35,,,
S118,0,08-01-18 18:05,,,
S118,0,08-01-18 18:35,,,
S118,0,08-01-18 19:05,,,
S118,0,08-01-18 19:35,,,
S118,0,08-01-18 20:05,,,
S118,0,08-01-18 20:35,,,
S118,0,08-01-18 21:05,,,
S118,0,08-01-18 21:35,,,
S118,0,08-01-18 22:05,,,
S118,0,08-01-18 22:35,,,
S118,0,08-01-18 23:05,,,
S118,0,08-01-18 23:35,,,
S120,0,08-01-18 0:05,,,
S120,0,08-01-18 0:35,,,
S120,0,08-01-18 1:05,,,
S120,0,08-01-18 1:35,,,
S120,0,08-01-18 2:05,,,
S120,0,08-01-18 2:35,,,
S120,0,08-01-18 3:05,,,
S120,0,08-01-18 3:35,,,
S120,0,08-01-18 4:05,,,
S120,0,08-01-18 4:25,,,
S120,0,08-01-18 5:05,,,
S120,0,08-01-18 5:35,,,
S120,0,08-01-18 6:05,,,
S120,0,08-01-18 6:35,,,
S120,1.6,08-01-18 7:05,,,
S120,0.2,08-01-18 7:35,,,
S120,0.6,08-01-18 8:05,,,
S120,0.4,08-01-18 8:35,,,
S120,0,08-01-18 9:05,,,
S120,0.6,08-01-18 9:35,,,
S120,0.4,08-01-18 10:05,,,
S120,0,08-01-18 10:35,,,
S120,0,08-01-18 11:05,,,
S120,0,08-01-18 11:35,,,
S120,0,08-01-18 12:05,,,
S120,0,08-01-18 12:35,,,
S120,0,08-01-18 13:05,,,
S120,0,08-01-18 13:35,,,
S120,0,08-01-18 14:05,,,
S120,0,08-01-18 14:35,,,
S120,0,08-01-18 15:05,,,
S120,0,08-01-18 15:35,,,
S120,0,08-01-18 16:05,,,
S120,0,08-01-18 16:35,,,
S120,0,08-01-18 17:05,,,
S120,0,08-01-18 17:35,,,
S120,0.6,08-01-18 18:05,,,
S120,0.2,08-01-18 18:35,,,
S120,0,08-01-18 19:05,,,
S120,0,08-01-18 19:35,,,
S120,0,08-01-18 20:05,,,
S120,0,08-01-18 20:35,,,
S120,0,08-01-18 21:05,,,
S120,0,08-01-18 21:35,,,
S120,0,08-01-18 22:05,,,
S120,0,08-01-18 22:35,,,
S120,0,08-01-18 23:05,,,
S120,0,08-01-18 23:35,,,
S33,0,08-01-18 0:05,Jurong Pier Road,103.71,1.3081
S33,0,08-01-18 0:35,Jurong Pier Road,103.71,1.3081
S33,0,08-01-18 1:05,Jurong Pier Road,103.71,1.3081
S33,0,08-01-18 1:35,Jurong Pier Road,103.71,1.3081
S33,0,08-01-18 2:05,Jurong Pier Road,103.71,1.3081
S33,0,08-01-18 2:35,Jurong Pier Road,103.71,1.3081
S33,0,08-01-18 3:05,Jurong Pier Road,103.71,1.3081
S33,0,08-01-18 3:35,Jurong Pier Road,103.71,1.3081
S33,0,08-01-18 4:05,Jurong Pier Road,103.71,1.3081
S33,0,08-01-18 4:25,Jurong Pier Road,103.71,1.3081
S33,0.2,08-01-18 5:05,Jurong Pier Road,103.71,1.3081
S33,0,08-01-18 5:35,Jurong Pier Road,103.71,1.3081
S33,2.6,08-01-18 6:05,Jurong Pier Road,103.71,1.3081
S33,1.2,08-01-18 6:35,Jurong Pier Road,103.71,1.3081
S33,0.2,08-01-18 7:05,Jurong Pier Road,103.71,1.3081
S33,1.6,08-01-18 7:35,Jurong Pier Road,103.71,1.3081
S33,1.6,08-01-18 8:05,Jurong Pier Road,103.71,1.3081
S33,0,08-01-18 8:35,Jurong Pier Road,103.71,1.3081
S33,0.4,08-01-18 9:05,Jurong Pier Road,103.71,1.3081
S33,0,08-01-18 11:05,Jurong Pier Road,103.71,1.3081
S33,0,08-01-18 11:35,Jurong Pier Road,103.71,1.3081
S33,0,08-01-18 12:05,Jurong Pier Road,103.71,1.3081
S33,0,08-01-18 12:35,Jurong Pier Road,103.71,1.3081
S33,0,08-01-18 13:05,Jurong Pier Road,103.71,1.3081
S33,0,08-01-18 13:35,Jurong Pier Road,103.71,1.3081
S33,0,08-01-18 14:05,Jurong Pier Road,103.71,1.3081
S33,0,08-01-18 14:35,Jurong Pier Road,103.71,1.3081
S33,0,08-01-18 15:05,Jurong Pier Road,103.71,1.3081
S33,0,08-01-18 15:35,Jurong Pier Road,103.71,1.3081
S33,0,08-01-18 16:05,Jurong Pier Road,103.71,1.3081
S33,0,08-01-18 16:35,Jurong Pier Road,103.71,1.3081
S33,0,08-01-18 17:05,Jurong Pier Road,103.71,1.3081
S33,0,08-01-18 17:35,Jurong Pier Road,103.71,1.3081
S33,0,08-01-18 18:05,Jurong Pier Road,103.71,1.3081
S33,0,08-01-18 18:35,Jurong Pier Road,103.71,1.3081
S33,0,08-01-18 19:05,Jurong Pier Road,103.71,1.3081
S33,1.2,08-01-18 19:35,Jurong Pier Road,103.71,1.3081
S33,0,08-01-18 20:05,Jurong Pier Road,103.71,1.3081
S33,0,08-01-18 20:35,Jurong Pier Road,103.71,1.3081
S33,0,08-01-18 21:05,Jurong Pier Road,103.71,1.3081
S33,0,08-01-18 21:35,Jurong Pier Road,103.71,1.3081
S33,0,08-01-18 22:05,Jurong Pier Road,103.71,1.3081
S33,0,08-01-18 22:35,Jurong Pier Road,103.71,1.3081
S33,0,08-01-18 23:05,Jurong Pier Road,103.71,1.3081
S33,0,08-01-18 23:35,Jurong Pier Road,103.71,1.3081
S33,0,09-01-18 0:05,Jurong Pier Road,103.71,1.3081
S71,0,08-01-18 0:05,Kent Ridge Road,103.7815,1.2923
S71,0,08-01-18 0:35,Kent Ridge Road,103.7815,1.2923
S71,0,08-01-18 1:05,Kent Ridge Road,103.7815,1.2923
S71,0,08-01-18 1:35,Kent Ridge Road,103.7815,1.2923
S71,0,08-01-18 2:05,Kent Ridge Road,103.7815,1.2923
S71,0,08-01-18 2:35,Kent Ridge Road,103.7815,1.2923
S71,0,08-01-18 3:05,Kent Ridge Road,103.7815,1.2923
S71,0,08-01-18 3:35,Kent Ridge Road,103.7815,1.2923
S71,0,08-01-18 4:05,Kent Ridge Road,103.7815,1.2923
S71,0,08-01-18 4:25,Kent Ridge Road,103.7815,1.2923
S71,0,08-01-18 5:05,Kent Ridge Road,103.7815,1.2923
S71,0,08-01-18 5:35,Kent Ridge Road,103.7815,1.2923
S71,0,08-01-18 6:05,Kent Ridge Road,103.7815,1.2923
S71,0,08-01-18 6:35,Kent Ridge Road,103.7815,1.2923
S71,1.6,08-01-18 7:05,Kent Ridge Road,103.7815,1.2923
S71,0.4,08-01-18 7:35,Kent Ridge Road,103.7815,1.2923
S71,0,08-01-18 8:05,Kent Ridge Road,103.7815,1.2923
S71,0.4,08-01-18 8:35,Kent Ridge Road,103.7815,1.2923
S71,0.4,08-01-18 9:05,Kent Ridge Road,103.7815,1.2923
S71,0.2,08-01-18 9:35,Kent Ridge Road,103.7815,1.2923
S71,0.2,08-01-18 10:05,Kent Ridge Road,103.7815,1.2923
S71,0,08-01-18 10:35,Kent Ridge Road,103.7815,1.2923
S71,0,08-01-18 11:05,Kent Ridge Road,103.7815,1.2923
S71,0,08-01-18 11:35,Kent Ridge Road,103.7815,1.2923
S71,0,08-01-18 12:05,Kent Ridge Road,103.7815,1.2923
S71,0,08-01-18 12:35,Kent Ridge Road,103.7815,1.2923
S71,0,08-01-18 13:05,Kent Ridge Road,103.7815,1.2923
S71,0,08-01-18 13:35,Kent Ridge Road,103.7815,1.2923
S71,0,08-01-18 14:05,Kent Ridge Road,103.7815,1.2923
S71,0,08-01-18 14:35,Kent Ridge Road,103.7815,1.2923
S71,0,08-01-18 15:05,Kent Ridge Road,103.7815,1.2923
S71,0,08-01-18 15:35,Kent Ridge Road,103.7815,1.2923
S71,0,08-01-18 16:05,Kent Ridge Road,103.7815,1.2923
S71,0,08-01-18 16:35,Kent Ridge Road,103.7815,1.2923
S71,0,08-01-18 17:05,Kent Ridge Road,103.7815,1.2923
S71,0,08-01-18 17:35,Kent Ridge Road,103.7815,1.2923
S71,0,08-01-18 18:05,Kent Ridge Road,103.7815,1.2923
S71,0.2,08-01-18 18:35,Kent Ridge Road,103.7815,1.2923
S71,0,08-01-18 19:05,Kent Ridge Road,103.7815,1.2923
S71,0,08-01-18 19:35,Kent Ridge Road,103.7815,1.2923
S71,0,08-01-18 20:05,Kent Ridge Road,103.7815,1.2923
S71,0,08-01-18 20:35,Kent Ridge Road,103.7815,1.2923
S71,0,08-01-18 21:05,Kent Ridge Road,103.7815,1.2923
S71,0,08-01-18 21:35,Kent Ridge Road,103.7815,1.2923
S71,0,08-01-18 22:05,Kent Ridge Road,103.7815,1.2923
S71,0,08-01-18 22:35,Kent Ridge Road,103.7815,1.2923
S71,0,08-01-18 23:05,Kent Ridge Road,103.7815,1.2923
S71,0,08-01-18 23:35,Kent Ridge Road,103.7815,1.2923
S71,0,09-01-18 0:05,Kent Ridge Road,103.7815,1.2923
S43,0,08-01-18 0:05,Kim Chuan Road,103.8878,1.3399
S43,0,08-01-18 0:35,Kim Chuan Road,103.8878,1.3399
S43,0,08-01-18 1:05,Kim Chuan Road,103.8878,1.3399
S43,0,08-01-18 1:35,Kim Chuan Road,103.8878,1.3399
S43,0,08-01-18 2:05,Kim Chuan Road,103.8878,1.3399
S43,0,08-01-18 2:35,Kim Chuan Road,103.8878,1.3399
S43,0,08-01-18 3:05,Kim Chuan Road,103.8878,1.3399
S43,0,08-01-18 3:35,Kim Chuan Road,103.8878,1.3399
S43,0,08-01-18 4:25,Kim Chuan Road,103.8878,1.3399
S43,0,08-01-18 5:05,Kim Chuan Road,103.8878,1.3399
S43,0,08-01-18 5:35,Kim Chuan Road,103.8878,1.3399
S43,0,08-01-18 6:05,Kim Chuan Road,103.8878,1.3399
S43,2.2,08-01-18 6:35,Kim Chuan Road,103.8878,1.3399
S43,2.8,08-01-18 7:05,Kim Chuan Road,103.8878,1.3399
S43,0.2,08-01-18 7:35,Kim Chuan Road,103.8878,1.3399
S43,4.2,08-01-18 8:05,Kim Chuan Road,103.8878,1.3399
S43,5.2,08-01-18 8:35,Kim Chuan Road,103.8878,1.3399
S43,2.4,08-01-18 9:05,Kim Chuan Road,103.8878,1.3399
S43,3.6,08-01-18 9:35,Kim Chuan Road,103.8878,1.3399
S43,0,08-01-18 10:05,Kim Chuan Road,103.8878,1.3399
S43,0.2,08-01-18 10:35,Kim Chuan Road,103.8878,1.3399
S43,0,08-01-18 11:05,Kim Chuan Road,103.8878,1.3399
S43,0,08-01-18 11:35,Kim Chuan Road,103.8878,1.3399
S43,0,08-01-18 12:05,Kim Chuan Road,103.8878,1.3399
S43,0,08-01-18 12:35,Kim Chuan Road,103.8878,1.3399
S43,0,08-01-18 13:05,Kim Chuan Road,103.8878,1.3399
S43,0,08-01-18 13:35,Kim Chuan Road,103.8878,1.3399
S43,0,08-01-18 14:05,Kim Chuan Road,103.8878,1.3399
S43,0,08-01-18 14:35,Kim Chuan Road,103.8878,1.3399
S43,0,08-01-18 15:05,Kim Chuan Road,103.8878,1.3399
S43,0,08-01-18 15:35,Kim Chuan Road,103.8878,1.3399
S43,0,08-01-18 16:05,Kim Chuan Road,103.8878,1.3399
S43,0,08-01-18 16:35,Kim Chuan Road,103.8878,1.3399
S43,0,08-01-18 17:05,Kim Chuan Road,103.8878,1.3399
S43,0,08-01-18 17:35,Kim Chuan Road,103.8878,1.3399
S43,0,08-01-18 18:05,Kim Chuan Road,103.8878,1.3399
S43,0,08-01-18 18:35,Kim Chuan Road,103.8878,1.3399
S43,0,08-01-18 19:05,Kim Chuan Road,103.8878,1.3399
S43,0,08-01-18 19:35,Kim Chuan Road,103.8878,1.3399
S43,0,08-01-18 20:05,Kim Chuan Road,103.8878,1.3399
S43,0,08-01-18 20:35,Kim Chuan Road,103.8878,1.3399
S43,0,08-01-18 21:05,Kim Chuan Road,103.8878,1.3399
S43,0,08-01-18 21:35,Kim Chuan Road,103.8878,1.3399
S43,0,08-01-18 22:05,Kim Chuan Road,103.8878,1.3399
S43,0,08-01-18 22:35,Kim Chuan Road,103.8878,1.3399
S43,0,08-01-18 23:05,Kim Chuan Road,103.8878,1.3399
S43,0,08-01-18 23:35,Kim Chuan Road,103.8878,1.3399
S43,0,09-01-18 0:05,Kim Chuan Road,103.8878,1.3399
S66,0,08-01-18 0:05,Kranji Way,103.7363,1.4387
S66,0,08-01-18 0:35,Kranji Way,103.7363,1.4387
S66,0,08-01-18 1:05,Kranji Way,103.7363,1.4387
S66,0,08-01-18 1:35,Kranji Way,103.7363,1.4387
S66,0,08-01-18 2:05,Kranji Way,103.7363,1.4387
S66,0,08-01-18 2:35,Kranji Way,103.7363,1.4387
S66,0,08-01-18 3:05,Kranji Way,103.7363,1.4387
S66,0,08-01-18 3:35,Kranji Way,103.7363,1.4387
S66,0,08-01-18 4:05,Kranji Way,103.7363,1.4387
S66,0,08-01-18 4:25,Kranji Way,103.7363,1.4387
S66,0,08-01-18 5:05,Kranji Way,103.7363,1.4387
S66,0,08-01-18 5:35,Kranji Way,103.7363,1.4387
S66,0,08-01-18 6:05,Kranji Way,103.7363,1.4387
S66,0,08-01-18 6:35,Kranji Way,103.7363,1.4387
S66,4.4,08-01-18 7:05,Kranji Way,103.7363,1.4387
S66,4.8,08-01-18 7:35,Kranji Way,103.7363,1.4387
S66,2.2,08-01-18 8:05,Kranji Way,103.7363,1.4387
S66,1.6,08-01-18 8:35,Kranji Way,103.7363,1.4387
S66,0.8,08-01-18 9:05,Kranji Way,103.7363,1.4387
S66,0.2,08-01-18 9:35,Kranji Way,103.7363,1.4387
S66,0,08-01-18 10:05,Kranji Way,103.7363,1.4387
S66,0.2,08-01-18 10:35,Kranji Way,103.7363,1.4387
S66,0,08-01-18 11:05,Kranji Way,103.7363,1.4387
S66,0,08-01-18 11:35,Kranji Way,103.7363,1.4387
S66,0,08-01-18 12:05,Kranji Way,103.7363,1.4387
S66,0,08-01-18 12:35,Kranji Way,103.7363,1.4387
S66,0,08-01-18 13:05,Kranji Way,103.7363,1.4387
S66,0,08-01-18 13:35,Kranji Way,103.7363,1.4387
S66,0,08-01-18 14:05,Kranji Way,103.7363,1.4387
S66,0,08-01-18 14:35,Kranji Way,103.7363,1.4387
S66,0,08-01-18 15:05,Kranji Way,103.7363,1.4387
S66,0,08-01-18 15:35,Kranji Way,103.7363,1.4387
S66,0,08-01-18 16:05,Kranji Way,103.7363,1.4387
S66,0,08-01-18 16:35,Kranji Way,103.7363,1.4387
S66,0,08-01-18 17:05,Kranji Way,103.7363,1.4387
S66,0,08-01-18 17:35,Kranji Way,103.7363,1.4387
S66,0,08-01-18 18:05,Kranji Way,103.7363,1.4387
S66,0,08-01-18 18:35,Kranji Way,103.7363,1.4387
S66,0,08-01-18 19:05,Kranji Way,103.7363,1.4387
S66,0,08-01-18 19:35,Kranji Way,103.7363,1.4387
S66,0,08-01-18 20:05,Kranji Way,103.7363,1.4387
S66,0,08-01-18 20:35,Kranji Way,103.7363,1.4387
S66,0,08-01-18 21:05,Kranji Way,103.7363,1.4387
S66,0,08-01-18 21:35,Kranji Way,103.7363,1.4387
S66,0,08-01-18 22:05,Kranji Way,103.7363,1.4387
S66,0,08-01-18 22:35,Kranji Way,103.7363,1.4387
S66,0,08-01-18 23:05,Kranji Way,103.7363,1.4387
S66,0,08-01-18 23:35,Kranji Way,103.7363,1.4387
S66,0,09-01-18 0:05,Kranji Way,103.7363,1.4387
S112,0,08-01-18 0:05,,,
S112,0,08-01-18 0:35,,,
S112,0,08-01-18 1:05,,,
S112,0,08-01-18 1:35,,,
S112,0,08-01-18 2:05,,,
S112,0,08-01-18 2:35,,,
S112,0,08-01-18 3:05,,,
S112,0,08-01-18 3:35,,,
S112,0,08-01-18 4:05,,,
S112,0,08-01-18 4:25,,,
S112,0,08-01-18 5:05,,,
S112,0,08-01-18 5:35,,,
S112,0,08-01-18 6:05,,,
S112,0.2,08-01-18 6:35,,,
S112,0.6,08-01-18 7:05,,,
S112,2.6,08-01-18 7:35,,,
S112,4.6,08-01-18 8:05,,,
S112,2.8,08-01-18 8:35,,,
S112,0.6,08-01-18 9:05,,,
S112,0.2,08-01-18 9:35,,,
S112,0,08-01-18 10:05,,,
S112,0.2,08-01-18 10:35,,,
S112,0.2,08-01-18 11:05,,,
S112,0,08-01-18 11:35,,,
S112,0,08-01-18 12:05,,,
S112,0,08-01-18 12:35,,,
S112,0,08-01-18 13:05,,,
S112,0,08-01-18 13:35,,,
S112,0,08-01-18 14:05,,,
S112,0,08-01-18 14:35,,,
S112,0,08-01-18 15:05,,,
S112,0,08-01-18 15:35,,,
S112,0,08-01-18 16:05,,,
S112,0,08-01-18 16:35,,,
S112,0,08-01-18 17:05,,,
S112,0,08-01-18 17:35,,,
S112,0,08-01-18 18:05,,,
S112,0,08-01-18 18:35,,,
S112,0,08-01-18 19:05,,,
S112,0,08-01-18 19:35,,,
S112,0,08-01-18 20:05,,,
S112,0,08-01-18 20:35,,,
S112,0,08-01-18 21:05,,,
S112,0,08-01-18 21:35,,,
S112,0,08-01-18 22:05,,,
S112,0,08-01-18 22:35,,,
S112,0,08-01-18 23:05,,,
S112,0,08-01-18 23:35,,,
S07,0,08-01-18 0:05,Lornie Road,103.8334,1.3415
S07,0,08-01-18 0:35,Lornie Road,103.8334,1.3415
S07,0,08-01-18 1:05,Lornie Road,103.8334,1.3415
S07,0,08-01-18 1:35,Lornie Road,103.8334,1.3415
S07,0,08-01-18 2:05,Lornie Road,103.8334,1.3415
S07,0,08-01-18 2:35,Lornie Road,103.8334,1.3415
S07,0,08-01-18 3:05,Lornie Road,103.8334,1.3415
S07,0,08-01-18 3:35,Lornie Road,103.8334,1.3415
S07,0,08-01-18 4:05,Lornie Road,103.8334,1.3415
S07,0,08-01-18 4:25,Lornie Road,103.8334,1.3415
S07,0,08-01-18 5:05,Lornie Road,103.8334,1.3415
S07,0,08-01-18 5:35,Lornie Road,103.8334,1.3415
S07,0,08-01-18 6:05,Lornie Road,103.8334,1.3415
S07,0.2,08-01-18 6:35,Lornie Road,103.8334,1.3415
S07,0,08-01-18 7:05,Lornie Road,103.8334,1.3415
S07,4.6,08-01-18 7:35,Lornie Road,103.8334,1.3415
S07,1.8,08-01-18 8:05,Lornie Road,103.8334,1.3415
S07,2.2,08-01-18 8:35,Lornie Road,103.8334,1.3415
S07,1,08-01-18 9:05,Lornie Road,103.8334,1.3415
S07,0.8,08-01-18 9:35,Lornie Road,103.8334,1.3415
S07,1.8,08-01-18 10:05,Lornie Road,103.8334,1.3415
S07,0,08-01-18 10:35,Lornie Road,103.8334,1.3415
S07,0,08-01-18 11:05,Lornie Road,103.8334,1.3415
S07,0,08-01-18 11:35,Lornie Road,103.8334,1.3415
S07,0,08-01-18 12:05,Lornie Road,103.8334,1.3415
S07,0,08-01-18 12:35,Lornie Road,103.8334,1.3415
S07,0,08-01-18 13:05,Lornie Road,103.8334,1.3415
S07,0,08-01-18 13:35,Lornie Road,103.8334,1.3415
S07,0,08-01-18 14:05,Lornie Road,103.8334,1.3415
S07,0,08-01-18 14:35,Lornie Road,103.8334,1.3415
S07,0,08-01-18 15:05,Lornie Road,103.8334,1.3415
S07,0,08-01-18 15:35,Lornie Road,103.8334,1.3415
S07,0,08-01-18 16:05,Lornie Road,103.8334,1.3415
S07,0,08-01-18 16:35,Lornie Road,103.8334,1.3415
S07,0,08-01-18 17:05,Lornie Road,103.8334,1.3415
S07,0,08-01-18 17:35,Lornie Road,103.8334,1.3415
S07,0,08-01-18 18:05,Lornie Road,103.8334,1.3415
S07,0,08-01-18 18:35,Lornie Road,103.8334,1.3415
S07,0,08-01-18 19:05,Lornie Road,103.8334,1.3415
S07,0,08-01-18 19:35,Lornie Road,103.8334,1.3415
S07,0,08-01-18 20:05,Lornie Road,103.8334,1.3415
S07,0,08-01-18 20:35,Lornie Road,103.8334,1.3415
S07,0,08-01-18 21:05,Lornie Road,103.8334,1.3415
S07,0,08-01-18 21:35,Lornie Road,103.8334,1.3415
S07,0,08-01-18 22:05,Lornie Road,103.8334,1.3415
S07,0,08-01-18 22:35,Lornie Road,103.8334,1.3415
S07,0,08-01-18 23:05,Lornie Road,103.8334,1.3415
S07,0,08-01-18 23:35,Lornie Road,103.8334,1.3415
S07,0,09-01-18 0:05,Lornie Road,103.8334,1.3415
S40,0,08-01-18 0:05,,,
S40,0,08-01-18 0:35,,,
S40,0,08-01-18 1:05,,,
S40,0,08-01-18 1:35,,,
S40,0,08-01-18 2:05,,,
S40,0,08-01-18 2:35,,,
S40,0,08-01-18 3:05,,,
S40,0,08-01-18 3:35,,,
S40,0,08-01-18 4:05,,,
S40,0,08-01-18 4:25,,,
S40,0,08-01-18 5:05,,,
S40,0,08-01-18 5:35,,,
S40,0,08-01-18 6:05,,,
S40,0,08-01-18 6:35,,,
S40,1.6,08-01-18 7:05,,,
S40,0,08-01-18 7:35,,,
S40,0.2,08-01-18 8:05,,,
S40,2.8,08-01-18 8:35,,,
S40,1.4,08-01-18 9:05,,,
S40,0.2,08-01-18 9:35,,,
S40,3,08-01-18 10:05,,,
S40,0.4,08-01-18 10:35,,,
S40,0,08-01-18 11:05,,,
S40,0,08-01-18 11:35,,,
S40,0,08-01-18 12:05,,,
S40,0,08-01-18 12:35,,,
S40,0,08-01-18 13:05,,,
S40,0,08-01-18 13:35,,,
S40,0,08-01-18 14:05,,,
S40,0,08-01-18 14:35,,,
S40,0,08-01-18 15:05,,,
S40,0,08-01-18 15:35,,,
S40,0,08-01-18 16:05,,,
S40,0,08-01-18 16:35,,,
S40,0,08-01-18 17:05,,,
S40,0,08-01-18 17:35,,,
S40,0,08-01-18 18:05,,,
S40,0,08-01-18 18:35,,,
S40,0,08-01-18 19:05,,,
S40,0,08-01-18 19:35,,,
S40,0,08-01-18 20:05,,,
S40,0,08-01-18 20:35,,,
S40,0,08-01-18 21:05,,,
S40,0,08-01-18 21:35,,,
S40,0,08-01-18 22:05,,,
S40,0,08-01-18 22:35,,,
S40,0,08-01-18 23:05,,,
S40,0,08-01-18 23:35,,,
S108,0,08-01-18 0:05,,,
S108,0,08-01-18 0:35,,,
S108,0,08-01-18 1:05,,,
S108,0,08-01-18 1:35,,,
S108,0,08-01-18 2:05,,,
S108,0,08-01-18 2:35,,,
S108,0,08-01-18 3:05,,,
S108,0,08-01-18 3:35,,,
S108,0,08-01-18 4:25,,,
S108,0,08-01-18 5:05,,,
S108,0,08-01-18 5:35,,,
S108,0,08-01-18 6:05,,,
S108,0,08-01-18 6:35,,,
S108,0.4,08-01-18 7:05,,,
S108,3.2,08-01-18 7:35,,,
S108,1,08-01-18 8:05,,,
S108,0,08-01-18 8:35,,,
S108,0.4,08-01-18 9:05,,,
S108,0,08-01-18 9:35,,,
S108,0,08-01-18 10:05,,,
S108,0,08-01-18 10:35,,,
S108,0,08-01-18 11:05,,,
S108,0,08-01-18 11:35,,,
S108,0,08-01-18 12:05,,,
S108,0,08-01-18 12:35,,,
S108,0,08-01-18 13:05,,,
S108,0,08-01-18 13:35,,,
S108,0,08-01-18 14:05,,,
S108,0,08-01-18 14:35,,,
S108,0,08-01-18 15:05,,,
S108,0,08-01-18 15:35,,,
S108,0,08-01-18 16:05,,,
S108,0,08-01-18 16:35,,,
S108,0,08-01-18 17:05,,,
S108,0,08-01-18 17:35,,,
S108,0,08-01-18 18:05,,,
S108,0,08-01-18 18:35,,,
S108,0,08-01-18 19:05,,,
S108,0,08-01-18 19:35,,,
S108,0,08-01-18 20:05,,,
S108,0,08-01-18 20:35,,,
S108,0,08-01-18 21:05,,,
S108,0,08-01-18 21:35,,,
S108,0,08-01-18 22:05,,,
S108,0,08-01-18 22:35,,,
S108,0,08-01-18 23:05,,,
S108,0,08-01-18 23:35,,,
S113,0,08-01-18 0:05,,,
S113,0,08-01-18 0:35,,,
S113,0,08-01-18 1:05,,,
S113,0,08-01-18 1:35,,,
S113,0,08-01-18 2:05,,,
S113,0,08-01-18 2:35,,,
S113,0,08-01-18 3:05,,,
S113,0,08-01-18 3:35,,,
S113,0,08-01-18 4:05,,,
S113,0,08-01-18 4:25,,,
S113,0,08-01-18 5:05,,,
S113,0,08-01-18 5:35,,,
S113,0,08-01-18 6:05,,,
S113,0,08-01-18 6:35,,,
S113,0,08-01-18 7:05,,,
S113,0,08-01-18 7:35,,,
S113,5,08-01-18 8:05,,,
S113,2,08-01-18 8:35,,,
S113,5.8,08-01-18 9:05,,,
S113,0.2,08-01-18 9:35,,,
S113,0,08-01-18 10:05,,,
S113,0,08-01-18 10:35,,,
S113,0,08-01-18 11:05,,,
S113,0,08-01-18 11:35,,,
S113,0,08-01-18 12:05,,,
S113,0,08-01-18 12:35,,,
S113,0,08-01-18 13:05,,,
S113,0,08-01-18 13:35,,,
S113,0,08-01-18 14:05,,,
S113,0,08-01-18 14:35,,,
S113,0,08-01-18 15:05,,,
S113,0,08-01-18 15:35,,,
S113,0,08-01-18 16:05,,,
S113,0,08-01-18 16:35,,,
S113,0,08-01-18 17:05,,,
S113,0,08-01-18 17:35,,,
S113,0,08-01-18 18:05,,,
S113,0,08-01-18 18:35,,,
S113,0,08-01-18 19:05,,,
S113,0,08-01-18 19:35,,,
S113,0,08-01-18 20:05,,,
S113,0,08-01-18 20:35,,,
S113,0,08-01-18 21:05,,,
S113,0,08-01-18 21:35,,,
S113,0,08-01-18 22:05,,,
S113,0,08-01-18 22:35,,,
S113,0,08-01-18 23:05,,,
S113,0,08-01-18 23:35,,,
S44,0,08-01-18 0:05,,,
S44,0,08-01-18 0:35,,,
S44,0,08-01-18 1:05,,,
S44,0,08-01-18 1:35,,,
S44,0,08-01-18 2:05,,,
S44,0,08-01-18 2:35,,,
S44,0,08-01-18 3:05,,,
S44,0,08-01-18 3:35,,,
S44,0,08-01-18 4:05,,,
S44,0,08-01-18 4:25,,,
S44,0,08-01-18 5:05,,,
S44,4.4,08-01-18 5:35,,,
S44,0.4,08-01-18 6:05,,,
S44,1.2,08-01-18 6:35,,,
S44,2.4,08-01-18 7:05,,,
S44,1.4,08-01-18 7:35,,,
S44,0.2,08-01-18 8:05,,,
S44,0.2,08-01-18 8:35,,,
S44,0.8,08-01-18 9:05,,,
S44,0.2,08-01-18 9:35,,,
S44,0,08-01-18 10:05,,,
S44,0.2,08-01-18 10:35,,,
S44,0,08-01-18 11:05,,,
S44,0,08-01-18 11:35,,,
S44,0,08-01-18 12:05,,,
S44,0,08-01-18 12:35,,,
S44,0,08-01-18 13:05,,,
S44,0,08-01-18 13:35,,,
S44,0,08-01-18 14:05,,,
S44,0,08-01-18 14:35,,,
S44,0,08-01-18 15:05,,,
S44,0,08-01-18 15:35,,,
S44,0,08-01-18 16:05,,,
S44,0,08-01-18 16:35,,,
S44,0,08-01-18 17:05,,,
S44,0,08-01-18 17:35,,,
S44,0,08-01-18 18:05,,,
S44,0,08-01-18 18:35,,,
S44,0,08-01-18 19:05,,,
S44,0,08-01-18 19:35,,,
S44,0,08-01-18 20:05,,,
S44,0,08-01-18 20:35,,,
S44,0,08-01-18 21:05,,,
S44,0,08-01-18 21:35,,,
S44,0,08-01-18 22:05,,,
S44,0,08-01-18 22:35,,,
S44,0,08-01-18 23:05,,,
S44,0,08-01-18 23:35,,,
S119,0,08-01-18 0:05,,,
S119,0,08-01-18 0:35,,,
S119,0,08-01-18 1:05,,,
S119,0,08-01-18 1:35,,,
S119,0,08-01-18 2:05,,,
S119,0,08-01-18 2:35,,,
S119,0,08-01-18 3:05,,,
S119,0,08-01-18 3:35,,,
S119,0,08-01-18 4:05,,,
S119,0,08-01-18 4:25,,,
S119,0,08-01-18 5:05,,,
S119,0.2,08-01-18 5:35,,,
S119,0,08-01-18 6:05,,,
S119,0,08-01-18 6:35,,,
S119,0.2,08-01-18 7:05,,,
S119,0.8,08-01-18 7:35,,,
S119,5.2,08-01-18 8:05,,,
S119,0,08-01-18 8:35,,,
S119,0.6,08-01-18 9:05,,,
S119,0.6,08-01-18 9:35,,,
S119,0,08-01-18 10:05,,,
S119,0,08-01-18 10:35,,,
S119,0,08-01-18 11:05,,,
S119,0,08-01-18 11:35,,,
S119,0,08-01-18 12:05,,,
S119,0,08-01-18 12:35,,,
S119,0,08-01-18 13:05,,,
S119,0,08-01-18 13:35,,,
S119,0,08-01-18 14:05,,,
S119,0,08-01-18 14:35,,,
S119,0,08-01-18 15:05,,,
S119,0,08-01-18 15:35,,,
S119,0,08-01-18 16:05,,,
S119,0,08-01-18 16:35,,,
S119,0,08-01-18 17:05,,,
S119,0,08-01-18 17:35,,,
S119,0,08-01-18 18:05,,,
S119,0,08-01-18 18:35,,,
S119,0,08-01-18 19:05,,,
S119,0,08-01-18 19:35,,,
S119,0,08-01-18 20:05,,,
S119,0,08-01-18 20:35,,,
S119,0,08-01-18 21:05,,,
S119,0,08-01-18 21:35,,,
S119,0,08-01-18 22:05,,,
S119,0,08-01-18 22:35,,,
S119,0,08-01-18 23:05,,,
S119,0,08-01-18 23:35,,,
S35,0,08-01-18 0:05,Old Toh Tuck Road,103.7556,1.3329
S35,0,08-01-18 0:35,Old Toh Tuck Road,103.7556,1.3329
S35,0,08-01-18 1:05,Old Toh Tuck Road,103.7556,1.3329
S35,0,08-01-18 1:35,Old Toh Tuck Road,103.7556,1.3329
S35,0,08-01-18 2:05,Old Toh Tuck Road,103.7556,1.3329
S35,0,08-01-18 2:35,Old Toh Tuck Road,103.7556,1.3329
S35,0,08-01-18 3:05,Old Toh Tuck Road,103.7556,1.3329
S35,0,08-01-18 3:35,Old Toh Tuck Road,103.7556,1.3329
S35,0,08-01-18 4:25,Old Toh Tuck Road,103.7556,1.3329
S35,0,08-01-18 5:05,Old Toh Tuck Road,103.7556,1.3329
S35,0,08-01-18 5:35,Old Toh Tuck Road,103.7556,1.3329
S35,0.2,08-01-18 6:05,Old Toh Tuck Road,103.7556,1.3329
S35,0,08-01-18 6:35,Old Toh Tuck Road,103.7556,1.3329
S35,0.2,08-01-18 10:35,Old Toh Tuck Road,103.7556,1.3329
S35,0,08-01-18 11:05,Old Toh Tuck Road,103.7556,1.3329
S35,0,08-01-18 11:35,Old Toh Tuck Road,103.7556,1.3329
S35,0,08-01-18 12:05,Old Toh Tuck Road,103.7556,1.3329
S35,0,08-01-18 12:35,Old Toh Tuck Road,103.7556,1.3329
S35,0,08-01-18 13:05,Old Toh Tuck Road,103.7556,1.3329
S35,0,08-01-18 13:35,Old Toh Tuck Road,103.7556,1.3329
S35,0,08-01-18 14:05,Old Toh Tuck Road,103.7556,1.3329
S35,0,08-01-18 14:35,Old Toh Tuck Road,103.7556,1.3329
S35,0,08-01-18 15:05,Old Toh Tuck Road,103.7556,1.3329
S35,0,08-01-18 15:35,Old Toh Tuck Road,103.7556,1.3329
S35,0,08-01-18 16:05,Old Toh Tuck Road,103.7556,1.3329
S35,0,08-01-18 16:35,Old Toh Tuck Road,103.7556,1.3329
S35,0,08-01-18 17:05,Old Toh Tuck Road,103.7556,1.3329
S35,0,08-01-18 17:35,Old Toh Tuck Road,103.7556,1.3329
S35,0,08-01-18 18:05,Old Toh Tuck Road,103.7556,1.3329
S35,0,08-01-18 18:35,Old Toh Tuck Road,103.7556,1.3329
S35,0,08-01-18 19:05,Old Toh Tuck Road,103.7556,1.3329
S35,0,08-01-18 19:35,Old Toh Tuck Road,103.7556,1.3329
S35,0,08-01-18 20:05,Old Toh Tuck Road,103.7556,1.3329
S35,0,08-01-18 20:35,Old Toh Tuck Road,103.7556,1.3329
S35,0,08-01-18 21:05,Old Toh Tuck Road,103.7556,1.3329
S35,0,08-01-18 21:35,Old Toh Tuck Road,103.7556,1.3329
S35,0,08-01-18 22:05,Old Toh Tuck Road,103.7556,1.3329
S35,0,08-01-18 22:35,Old Toh Tuck Road,103.7556,1.3329
S35,0,08-01-18 23:05,Old Toh Tuck Road,103.7556,1.3329
S35,0,08-01-18 23:35,Old Toh Tuck Road,103.7556,1.3329
S35,0,09-01-18 0:05,Old Toh Tuck Road,103.7556,1.3329
S29,0,08-01-18 0:05,,,
S29,0,08-01-18 0:35,,,
S29,0,08-01-18 1:05,,,
S29,0,08-01-18 1:35,,,
S29,0,08-01-18 2:05,,,
S29,0,08-01-18 2:35,,,
S29,0,08-01-18 3:05,,,
S29,0,08-01-18 3:35,,,
S29,0,08-01-18 4:25,,,
S94,0,08-01-18 0:05,,,
S94,0,08-01-18 0:35,,,
S94,0,08-01-18 1:05,,,
S94,0,08-01-18 1:35,,,
S94,0,08-01-18 2:05,,,
S94,0,08-01-18 2:35,,,
S94,0,08-01-18 3:05,,,
S94,0,08-01-18 3:35,,,
S94,0,08-01-18 4:05,,,
S94,0,08-01-18 4:25,,,
S94,0,08-01-18 5:05,,,
S94,0,08-01-18 5:35,,,
S94,0,08-01-18 6:05,,,
S94,0,08-01-18 6:35,,,
S94,0,08-01-18 7:05,,,
S94,0,08-01-18 7:35,,,
S94,3.2,08-01-18 8:05,,,
S94,0.8,08-01-18 8:35,,,
S94,6.2,08-01-18 9:05,,,
S94,0.4,08-01-18 9:35,,,
S94,0.2,08-01-18 10:05,,,
S94,0,08-01-18 10:35,,,
S94,0,08-01-18 11:05,,,
S94,0,08-01-18 11:35,,,
S94,0,08-01-18 12:05,,,
S94,0,08-01-18 12:35,,,
S94,0,08-01-18 13:05,,,
S94,0,08-01-18 13:35,,,
S94,0,08-01-18 14:05,,,
S94,0,08-01-18 14:35,,,
S94,0,08-01-18 15:05,,,
S94,0,08-01-18 15:35,,,
S94,0,08-01-18 16:05,,,
S94,0,08-01-18 16:35,,,
S94,0,08-01-18 17:05,,,
S94,0,08-01-18 17:35,,,
S94,0,08-01-18 18:05,,,
S94,0,08-01-18 18:35,,,
S94,0,08-01-18 19:05,,,
S94,0,08-01-18 19:35,,,
S94,0,08-01-18 20:05,,,
S94,0,08-01-18 20:35,,,
S94,0,08-01-18 21:05,,,
S94,0,08-01-18 21:35,,,
S94,0,08-01-18 22:05,,,
S94,0,08-01-18 22:35,,,
S94,0,08-01-18 23:05,,,
S94,0,08-01-18 23:35,,,
S78,0,08-01-18 0:05,,,
S78,0,08-01-18 0:35,,,
S78,0,08-01-18 1:05,,,
S78,0,08-01-18 1:35,,,
S78,0,08-01-18 2:05,,,
S78,0,08-01-18 2:35,,,
S78,0,08-01-18 3:05,,,
S78,0,08-01-18 3:35,,,
S78,0,08-01-18 4:25,,,
S78,0,08-01-18 5:05,,,
S78,0,08-01-18 5:35,,,
S78,0,08-01-18 6:05,,,
S78,0,08-01-18 6:35,,,
S78,0,08-01-18 7:05,,,
S78,0,08-01-18 7:35,,,
S78,5.4,08-01-18 8:05,,,
S78,0.2,08-01-18 8:35,,,
S78,2.2,08-01-18 9:05,,,
S78,0.4,08-01-18 9:35,,,
S78,0,08-01-18 10:05,,,
S78,0,08-01-18 10:35,,,
S78,0,08-01-18 11:05,,,
S78,0,08-01-18 11:35,,,
S78,0,08-01-18 12:05,,,
S78,0,08-01-18 12:35,,,
S78,0,08-01-18 13:05,,,
S78,0,08-01-18 13:35,,,
S78,0,08-01-18 14:05,,,
S78,0,08-01-18 14:35,,,
S78,0,08-01-18 15:05,,,
S78,0,08-01-18 15:35,,,
S78,0,08-01-18 16:05,,,
S78,0,08-01-18 16:35,,,
S78,0,08-01-18 17:05,,,
S78,0,08-01-18 17:35,,,
S78,0,08-01-18 18:05,,,
S78,0,08-01-18 18:35,,,
S78,0,08-01-18 19:05,,,
S78,0,08-01-18 19:35,,,
S78,0,08-01-18 20:05,,,
S78,0,08-01-18 20:35,,,
S78,0,08-01-18 21:05,,,
S78,0,08-01-18 21:35,,,
S78,0,08-01-18 22:05,,,
S78,0,08-01-18 22:35,,,
S78,0,08-01-18 23:05,,,
S78,0,08-01-18 23:35,,,
S106,0,08-01-18 0:05,,,
S106,0,08-01-18 0:35,,,
S106,0,08-01-18 1:05,,,
S106,0,08-01-18 1:35,,,
S106,0,08-01-18 2:05,,,
S106,0,08-01-18 2:35,,,
S106,0,08-01-18 3:05,,,
S106,0,08-01-18 3:35,,,
S106,0,08-01-18 4:05,,,
S106,0,08-01-18 4:25,,,
S106,0,08-01-18 5:05,,,
S106,0,08-01-18 5:35,,,
S106,0,08-01-18 6:05,,,
S106,0,08-01-18 6:35,,,
S106,0,08-01-18 7:05,,,
S106,0,08-01-18 7:35,,,
S106,0,08-01-18 8:05,,,
S106,0,08-01-18 8:35,,,
S106,0.2,08-01-18 9:05,,,
S106,3.2,08-01-18 9:35,,,
S106,0.2,08-01-18 10:05,,,
S106,0,08-01-18 10:35,,,
S106,0,08-01-18 11:05,,,
S106,0,08-01-18 11:35,,,
S106,0,08-01-18 12:05,,,
S106,0,08-01-18 12:35,,,
S106,0,08-01-18 13:05,,,
S106,0,08-01-18 13:35,,,
S106,0,08-01-18 14:05,,,
S106,0,08-01-18 14:35,,,
S106,0,08-01-18 15:05,,,
S106,0,08-01-18 15:35,,,
S106,0,08-01-18 16:05,,,
S106,0,08-01-18 16:35,,,
S106,0,08-01-18 17:05,,,
S106,0,08-01-18 17:35,,,
S106,0,08-01-18 18:05,,,
S106,0,08-01-18 18:35,,,
S106,0,08-01-18 19:05,,,
S106,0,08-01-18 19:35,,,
S106,0,08-01-18 20:05,,,
S81,0,08-01-18 0:05,Punggol Central,103.9092,1.4029
S81,0,08-01-18 0:35,Punggol Central,103.9092,1.4029
S81,0,08-01-18 1:05,Punggol Central,103.9092,1.4029
S81,0,08-01-18 1:35,Punggol Central,103.9092,1.4029
S81,0,08-01-18 2:05,Punggol Central,103.9092,1.4029
S81,0,08-01-18 2:35,Punggol Central,103.9092,1.4029
S81,0,08-01-18 3:05,Punggol Central,103.9092,1.4029
S81,0,08-01-18 3:35,Punggol Central,103.9092,1.4029
S81,0,08-01-18 4:05,Punggol Central,103.9092,1.4029
S81,0,08-01-18 4:25,Punggol Central,103.9092,1.4029
S81,0,08-01-18 5:05,Punggol Central,103.9092,1.4029
S81,0,08-01-18 5:35,Punggol Central,103.9092,1.4029
S81,0,08-01-18 6:05,Punggol Central,103.9092,1.4029
S81,0,08-01-18 6:35,Punggol Central,103.9092,1.4029
S81,0,08-01-18 7:05,Punggol Central,103.9092,1.4029
S81,0,08-01-18 7:35,Punggol Central,103.9092,1.4029
S81,0,08-01-18 8:05,Punggol Central,103.9092,1.4029
S81,1.6,08-01-18 8:35,Punggol Central,103.9092,1.4029
S81,0,08-01-18 9:05,Punggol Central,103.9092,1.4029
S81,2.6,08-01-18 9:35,Punggol Central,103.9092,1.4029
S81,0.2,08-01-18 10:05,Punggol Central,103.9092,1.4029
S81,0,08-01-18 10:35,Punggol Central,103.9092,1.4029
S81,0,08-01-18 11:05,Punggol Central,103.9092,1.4029
S81,0,08-01-18 11:35,Punggol Central,103.9092,1.4029
S81,0,08-01-18 12:05,Punggol Central,103.9092,1.4029
S81,0,08-01-18 12:35,Punggol Central,103.9092,1.4029
S81,0,08-01-18 13:05,Punggol Central,103.9092,1.4029
S81,0,08-01-18 13:35,Punggol Central,103.9092,1.4029
S81,0,08-01-18 14:05,Punggol Central,103.9092,1.4029
S81,0,08-01-18 14:35,Punggol Central,103.9092,1.4029
S81,0,08-01-18 15:05,Punggol Central,103.9092,1.4029
S81,0,08-01-18 15:35,Punggol Central,103.9092,1.4029
S81,0,08-01-18 16:05,Punggol Central,103.9092,1.4029
S81,0,08-01-18 16:35,Punggol Central,103.9092,1.4029
S81,0,08-01-18 17:05,Punggol Central,103.9092,1.4029
S81,0,08-01-18 17:35,Punggol Central,103.9092,1.4029
S81,0,08-01-18 18:05,Punggol Central,103.9092,1.4029
S81,0,08-01-18 18:35,Punggol Central,103.9092,1.4029
S81,0,08-01-18 19:05,Punggol Central,103.9092,1.4029
S81,0,08-01-18 19:35,Punggol Central,103.9092,1.4029
S81,0,08-01-18 20:05,Punggol Central,103.9092,1.4029
S81,0,08-01-18 20:35,Punggol Central,103.9092,1.4029
S81,0,08-01-18 21:05,Punggol Central,103.9092,1.4029
S81,0,08-01-18 21:35,Punggol Central,103.9092,1.4029
S81,0,08-01-18 22:05,Punggol Central,103.9092,1.4029
S81,0,08-01-18 22:35,Punggol Central,103.9092,1.4029
S81,0,08-01-18 23:05,Punggol Central,103.9092,1.4029
S81,0,08-01-18 23:35,Punggol Central,103.9092,1.4029
S81,0,09-01-18 0:05,Punggol Central,103.9092,1.4029
S111,0,08-01-18 0:05,Scotts Road,103.8365,1.31055
S111,0,08-01-18 0:35,Scotts Road,103.8365,1.31055
S111,0,08-01-18 1:05,Scotts Road,103.8365,1.31055
S111,0,08-01-18 1:35,Scotts Road,103.8365,1.31055
S111,0,08-01-18 2:05,Scotts Road,103.8365,1.31055
S111,0,08-01-18 2:35,Scotts Road,103.8365,1.31055
S111,0,08-01-18 3:05,Scotts Road,103.8365,1.31055
S111,0,08-01-18 3:35,Scotts Road,103.8365,1.31055
S111,0,08-01-18 4:05,Scotts Road,103.8365,1.31055
S111,0,08-01-18 4:25,Scotts Road,103.8365,1.31055
S111,0,08-01-18 5:05,Scotts Road,103.8365,1.31055
S111,0,08-01-18 5:35,Scotts Road,103.8365,1.31055
S111,0,08-01-18 6:05,Scotts Road,103.8365,1.31055
S111,0,08-01-18 6:35,Scotts Road,103.8365,1.31055
S111,2.8,08-01-18 7:05,Scotts Road,103.8365,1.31055
S111,0.2,08-01-18 7:35,Scotts Road,103.8365,1.31055
S111,1.2,08-01-18 8:05,Scotts Road,103.8365,1.31055
S111,1,08-01-18 8:35,Scotts Road,103.8365,1.31055
S111,0,08-01-18 9:05,Scotts Road,103.8365,1.31055
S111,2.2,08-01-18 9:35,Scotts Road,103.8365,1.31055
S111,0.4,08-01-18 10:05,Scotts Road,103.8365,1.31055
S111,0,08-01-18 10:35,Scotts Road,103.8365,1.31055
S111,0,08-01-18 11:05,Scotts Road,103.8365,1.31055
S111,0,08-01-18 11:35,Scotts Road,103.8365,1.31055
S111,0,08-01-18 12:05,Scotts Road,103.8365,1.31055
S111,0,08-01-18 12:35,Scotts Road,103.8365,1.31055
S111,0,08-01-18 13:05,Scotts Road,103.8365,1.31055
S111,0,08-01-18 13:35,Scotts Road,103.8365,1.31055
S111,0,08-01-18 14:05,Scotts Road,103.8365,1.31055
S111,0,08-01-18 14:35,Scotts Road,103.8365,1.31055
S111,0,08-01-18 15:05,Scotts Road,103.8365,1.31055
S111,0,08-01-18 15:35,Scotts Road,103.8365,1.31055
S111,0,08-01-18 16:05,Scotts Road,103.8365,1.31055
S111,0,08-01-18 16:35,Scotts Road,103.8365,1.31055
S111,0,08-01-18 17:05,Scotts Road,103.8365,1.31055
S111,0,08-01-18 17:35,Scotts Road,103.8365,1.31055
S111,0,08-01-18 18:05,Scotts Road,103.8365,1.31055
S111,0,08-01-18 18:35,Scotts Road,103.8365,1.31055
S111,0,08-01-18 19:05,Scotts Road,103.8365,1.31055
S111,0,08-01-18 19:35,Scotts Road,103.8365,1.31055
S111,0,08-01-18 20:05,Scotts Road,103.8365,1.31055
S111,0,08-01-18 20:35,Scotts Road,103.8365,1.31055
S111,0,08-01-18 21:05,Scotts Road,103.8365,1.31055
S111,0,08-01-18 21:35,Scotts Road,103.8365,1.31055
S111,0,08-01-18 22:05,Scotts Road,103.8365,1.31055
S111,0,08-01-18 22:35,Scotts Road,103.8365,1.31055
S111,0,08-01-18 23:05,Scotts Road,103.8365,1.31055
S111,0,08-01-18 23:35,Scotts Road,103.8365,1.31055
S111,0,09-01-18 0:05,Scotts Road,103.8365,1.31055
S900,0,08-01-18 0:05,,,
S900,0,08-01-18 0:35,,,
S900,0,08-01-18 1:05,,,
S900,0,08-01-18 1:35,,,
S900,0,08-01-18 2:05,,,
S900,0,08-01-18 2:35,,,
S900,0,08-01-18 3:05,,,
S900,0,08-01-18 3:35,,,
S900,0,08-01-18 4:25,,,
S900,0,08-01-18 5:05,,,
S900,0,08-01-18 5:35,,,
S900,0,08-01-18 6:05,,,
S900,0,08-01-18 6:35,,,
S900,0,08-01-18 7:05,,,
S900,0,08-01-18 7:35,,,
S900,1,08-01-18 8:05,,,
S900,7.2,08-01-18 8:35,,,
S900,0.2,08-01-18 9:05,,,
S900,0.8,08-01-18 9:35,,,
S900,1,08-01-18 10:05,,,
S900,0,08-01-18 10:35,,,
S900,0,08-01-18 11:05,,,
S900,0,08-01-18 11:35,,,
S900,0,08-01-18 12:05,,,
S900,0,08-01-18 12:35,,,
S900,0,08-01-18 13:05,,,
S900,0,08-01-18 13:35,,,
S900,0,08-01-18 14:05,,,
S900,0,08-01-18 14:35,,,
S900,0,08-01-18 15:05,,,
S900,0,08-01-18 15:35,,,
S900,0,08-01-18 16:05,,,
S900,0,08-01-18 16:35,,,
S900,0,08-01-18 17:05,,,
S900,0,08-01-18 17:35,,,
S900,0,08-01-18 18:05,,,
S900,0,08-01-18 18:35,,,
S900,0,08-01-18 19:05,,,
S900,0,08-01-18 19:35,,,
S900,0,08-01-18 20:05,,,
S900,0,08-01-18 20:35,,,
S900,0,08-01-18 21:05,,,
S900,0,08-01-18 21:35,,,
S900,0,08-01-18 22:05,,,
S900,0,08-01-18 22:35,,,
S900,0,08-01-18 23:05,,,
S900,0,08-01-18 23:35,,,
S122,0,08-01-18 0:05,,,
S122,0,08-01-18 0:35,,,
S122,0,08-01-18 1:05,,,
S122,0,08-01-18 1:35,,,
S122,0,08-01-18 2:05,,,
S122,0,08-01-18 2:35,,,
S122,0,08-01-18 3:05,,,
S122,0,08-01-18 3:35,,,
S122,0,08-01-18 5:05,,,
S122,0,08-01-18 5:35,,,
S122,0,08-01-18 6:05,,,
S122,0,08-01-18 6:35,,,
S122,0,08-01-18 7:05,,,
S122,0.4,08-01-18 7:35,,,
S122,2.8,08-01-18 8:05,,,
S122,4,08-01-18 8:35,,,
S122,0.6,08-01-18 9:05,,,
S122,0.6,08-01-18 9:35,,,
S122,5,08-01-18 10:05,,,
S122,0,08-01-18 10:35,,,
S122,0,08-01-18 11:05,,,
S122,0,08-01-18 11:35,,,
S122,0,08-01-18 12:05,,,
S122,0,08-01-18 12:35,,,
S122,0,08-01-18 13:05,,,
S122,0,08-01-18 13:35,,,
S122,0,08-01-18 14:05,,,
S122,0,08-01-18 14:35,,,
S122,0,08-01-18 15:05,,,
S122,0,08-01-18 15:35,,,
S122,0,08-01-18 16:05,,,
S122,0,08-01-18 16:35,,,
S122,0,08-01-18 17:05,,,
S122,0,08-01-18 17:35,,,
S122,0,08-01-18 18:05,,,
S122,0,08-01-18 18:35,,,
S122,0,08-01-18 19:05,,,
S122,0,08-01-18 19:35,,,
S122,0,08-01-18 20:05,,,
S122,0,08-01-18 20:35,,,
S122,0,08-01-18 21:05,,,
S122,0,08-01-18 21:35,,,
S122,0,08-01-18 22:05,,,
S122,0,08-01-18 22:35,,,
S122,0,08-01-18 23:05,,,
S122,0,08-01-18 23:35,,,
S60,0,08-01-18 0:05,,,
S60,0,08-01-18 0:35,,,
S60,0,08-01-18 1:05,,,
S60,0,08-01-18 1:35,,,
S60,0,08-01-18 2:05,,,
S60,0,08-01-18 2:35,,,
S60,0,08-01-18 3:05,,,
S60,0,08-01-18 3:35,,,
S60,0,08-01-18 4:05,,,
S60,0,08-01-18 4:25,,,
S60,0,08-01-18 5:05,,,
S60,0,08-01-18 5:35,,,
S60,0,08-01-18 6:05,,,
S60,0.2,08-01-18 6:35,,,
S60,0.4,08-01-18 7:05,,,
S60,0.4,08-01-18 7:35,,,
S60,0,08-01-18 8:05,,,
S60,0,08-01-18 8:35,,,
S60,0,08-01-18 9:05,,,
S60,0,08-01-18 9:35,,,
S60,0,08-01-18 10:05,,,
S60,0,08-01-18 10:35,,,
S60,0,08-01-18 11:05,,,
S60,0,08-01-18 11:35,,,
S60,0,08-01-18 12:05,,,
S60,0,08-01-18 12:35,,,
S60,0,08-01-18 13:05,,,
S60,0,08-01-18 13:35,,,
S60,0,08-01-18 14:05,,,
S60,0,08-01-18 14:35,,,
S60,0,08-01-18 15:05,,,
S60,0,08-01-18 15:35,,,
S60,0,08-01-18 16:05,,,
S60,0,08-01-18 16:35,,,
S60,0,08-01-18 17:05,,,
S60,0,08-01-18 17:35,,,
S60,0,08-01-18 18:05,,,
S60,0,08-01-18 18:35,,,
S60,0,08-01-18 19:05,,,
S60,0,08-01-18 19:35,,,
S60,0,08-01-18 20:05,,,
S60,0,08-01-18 20:35,,,
S60,0,08-01-18 21:05,,,
S60,0,08-01-18 21:35,,,
S60,0,08-01-18 22:05,,,
S60,0,08-01-18 22:35,,,
S60,0,08-01-18 23:05,,,
S60,0,08-01-18 23:35,,,
S46,0,08-01-18 0:05,,,
S46,0,08-01-18 0:35,,,
S46,0,08-01-18 1:05,,,
S46,0,08-01-18 1:35,,,
S46,0,08-01-18 2:05,,,
S46,0,08-01-18 2:35,,,
S46,0,08-01-18 3:05,,,
S46,0,08-01-18 3:35,,,
S46,0,08-01-18 4:05,,,
S46,0,08-01-18 4:25,,,
S46,0,08-01-18 5:05,,,
S46,0,08-01-18 5:35,,,
S46,0,08-01-18 6:05,,,
S46,0,08-01-18 6:35,,,
S46,0,08-01-18 7:05,,,
S46,3.2,08-01-18 7:35,,,
S46,0.2,08-01-18 10:35,,,
S46,0,08-01-18 11:05,,,
S46,0,08-01-18 11:35,,,
S46,0,08-01-18 12:05,,,
S46,0,08-01-18 12:35,,,
S46,0,08-01-18 13:05,,,
S46,0,08-01-18 13:35,,,
S46,0,08-01-18 14:05,,,
S46,0,08-01-18 14:35,,,
S46,0,08-01-18 15:05,,,
S46,0,08-01-18 15:35,,,
S46,0,08-01-18 16:05,,,
S46,0,08-01-18 16:35,,,
S46,0,08-01-18 17:05,,,
S46,0.8,08-01-18 17:35,,,
S46,0,08-01-18 18:05,,,
S46,0,08-01-18 18:35,,,
S46,0,08-01-18 19:05,,,
S46,0,08-01-18 19:35,,,
S46,0,08-01-18 20:05,,,
S46,0,08-01-18 20:35,,,
S46,0,08-01-18 21:05,,,
S46,0,08-01-18 21:35,,,
S46,0,08-01-18 22:05,,,
S46,0,08-01-18 22:35,,,
S46,0,08-01-18 23:05,,,
S46,0,08-01-18 23:35,,,
S84,0,08-01-18 0:05,,,
S84,0,08-01-18 0:35,,,
S84,0,08-01-18 1:05,,,
S84,0,08-01-18 1:35,,,
S84,0,08-01-18 2:05,,,
S84,0,08-01-18 2:35,,,
S84,0,08-01-18 3:05,,,
S84,0,08-01-18 3:35,,,
S84,0,08-01-18 4:05,,,
S84,0,08-01-18 4:25,,,
S84,0,08-01-18 5:05,,,
S84,0,08-01-18 5:35,,,
S84,0,08-01-18 6:05,,,
S84,0,08-01-18 6:35,,,
S84,0.2,08-01-18 7:05,,,
S84,0,08-01-18 7:35,,,
S84,2.2,08-01-18 8:05,,,
S84,2.6,08-01-18 8:35,,,
S84,2.4,08-01-18 9:05,,,
S84,0,08-01-18 9:35,,,
S84,0,08-01-18 10:05,,,
S84,0,08-01-18 10:35,,,
S84,0,08-01-18 11:05,,,
S84,0,08-01-18 11:35,,,
S84,0,08-01-18 12:05,,,
S84,0,08-01-18 12:35,,,
S84,0,08-01-18 13:05,,,
S84,0,08-01-18 13:35,,,
S84,0,08-01-18 14:05,,,
S84,0,08-01-18 14:35,,,
S84,0,08-01-18 15:05,,,
S84,0,08-01-18 15:35,,,
S84,0,08-01-18 16:05,,,
S84,0,08-01-18 16:35,,,
S84,0,08-01-18 17:05,,,
S84,0,08-01-18 17:35,,,
S84,0,08-01-18 18:05,,,
S84,0,08-01-18 18:35,,,
S84,0,08-01-18 19:05,,,
S84,0,08-01-18 19:35,,,
S84,0,08-01-18 20:05,,,
S84,0,08-01-18 20:35,,,
S84,0,08-01-18 21:05,,,
S84,0,08-01-18 21:35,,,
S84,0,08-01-18 22:05,,,
S84,0,08-01-18 22:35,,,
S84,0,08-01-18 23:05,,,
S84,0,08-01-18 23:35,,,
S79,0,08-01-18 0:05,Somerset Road,103.8372,1.3004
S79,0,08-01-18 0:35,Somerset Road,103.8372,1.3004
S79,0,08-01-18 1:05,Somerset Road,103.8372,1.3004
S79,0,08-01-18 1:35,Somerset Road,103.8372,1.3004
S79,0,08-01-18 2:05,Somerset Road,103.8372,1.3004
S79,0,08-01-18 2:35,Somerset Road,103.8372,1.3004
S79,0,08-01-18 3:05,Somerset Road,103.8372,1.3004
S79,0,08-01-18 3:35,Somerset Road,103.8372,1.3004
S79,0,08-01-18 4:05,Somerset Road,103.8372,1.3004
S79,0,08-01-18 4:25,Somerset Road,103.8372,1.3004
S79,0,08-01-18 5:05,Somerset Road,103.8372,1.3004
S79,0,08-01-18 5:35,Somerset Road,103.8372,1.3004
S79,0,08-01-18 6:05,Somerset Road,103.8372,1.3004
S79,0,08-01-18 6:35,Somerset Road,103.8372,1.3004
S79,0.4,08-01-18 7:05,Somerset Road,103.8372,1.3004
S79,0.2,08-01-18 7:35,Somerset Road,103.8372,1.3004
S79,2.8,08-01-18 8:05,Somerset Road,103.8372,1.3004
S79,1,08-01-18 8:35,Somerset Road,103.8372,1.3004
S79,0,08-01-18 9:05,Somerset Road,103.8372,1.3004
S79,6.4,08-01-18 9:35,Somerset Road,103.8372,1.3004
S79,0.2,08-01-18 10:05,Somerset Road,103.8372,1.3004
S79,0,08-01-18 10:35,Somerset Road,103.8372,1.3004
S79,0,08-01-18 11:05,Somerset Road,103.8372,1.3004
S79,0,08-01-18 11:35,Somerset Road,103.8372,1.3004
S79,0,08-01-18 12:05,Somerset Road,103.8372,1.3004
S79,0,08-01-18 12:35,Somerset Road,103.8372,1.3004
S79,0,08-01-18 13:05,Somerset Road,103.8372,1.3004
S79,0,08-01-18 13:35,Somerset Road,103.8372,1.3004
S79,0,08-01-18 14:05,Somerset Road,103.8372,1.3004
S79,0,08-01-18 14:35,Somerset Road,103.8372,1.3004
S79,0,08-01-18 15:05,Somerset Road,103.8372,1.3004
S79,0,08-01-18 15:35,Somerset Road,103.8372,1.3004
S79,0,08-01-18 16:05,Somerset Road,103.8372,1.3004
S79,0,08-01-18 16:35,Somerset Road,103.8372,1.3004
S79,0,08-01-18 17:05,Somerset Road,103.8372,1.3004
S79,0,08-01-18 17:35,Somerset Road,103.8372,1.3004
S79,0,08-01-18 18:05,Somerset Road,103.8372,1.3004
S79,0,08-01-18 18:35,Somerset Road,103.8372,1.3004
S79,0,08-01-18 19:05,Somerset Road,103.8372,1.3004
S79,0,08-01-18 19:35,Somerset Road,103.8372,1.3004
S79,0,08-01-18 20:05,Somerset Road,103.8372,1.3004
S79,0,08-01-18 20:35,Somerset Road,103.8372,1.3004
S79,0,08-01-18 21:05,Somerset Road,103.8372,1.3004
S79,0,08-01-18 21:35,Somerset Road,103.8372,1.3004
S79,0,08-01-18 22:05,Somerset Road,103.8372,1.3004
S79,0,08-01-18 22:35,Somerset Road,103.8372,1.3004
S79,0,08-01-18 23:05,Somerset Road,103.8372,1.3004
S79,0,08-01-18 23:35,Somerset Road,103.8372,1.3004
S79,0,09-01-18 0:05,Somerset Road,103.8372,1.3004
S92,0,08-01-18 0:05,,,
S92,0,08-01-18 0:35,,,
S92,0,08-01-18 1:05,,,
S92,0,08-01-18 1:35,,,
S92,0,08-01-18 2:05,,,
S92,0,08-01-18 2:35,,,
S92,0,08-01-18 3:05,,,
S92,0,08-01-18 3:35,,,
S92,0,08-01-18 4:05,,,
S92,0,08-01-18 4:25,,,
S92,0,08-01-18 5:05,,,
S92,0,08-01-18 5:35,,,
S92,0,08-01-18 6:05,,,
S92,0,08-01-18 6:35,,,
S92,0,08-01-18 7:05,,,
S92,0.4,08-01-18 7:35,,,
S92,0.2,08-01-18 8:05,,,
S92,0.6,08-01-18 8:35,,,
S92,0,08-01-18 9:05,,,
S92,0,08-01-18 9:35,,,
S92,0,08-01-18 10:05,,,
S92,0,08-01-18 10:35,,,
S92,0,08-01-18 11:05,,,
S92,0,08-01-18 11:35,,,
S92,0,08-01-18 12:05,,,
S92,0,08-01-18 12:35,,,
S92,0,08-01-18 13:05,,,
S92,0,08-01-18 13:35,,,
S92,0,08-01-18 14:05,,,
S92,0,08-01-18 14:35,,,
S92,0,08-01-18 15:05,,,
S92,0,08-01-18 15:35,,,
S92,0,08-01-18 16:05,,,
S92,0,08-01-18 16:35,,,
S92,0,08-01-18 17:05,,,
S92,0,08-01-18 17:35,,,
S92,0,08-01-18 18:05,,,
S92,0.2,08-01-18 18:35,,,
S92,0,08-01-18 19:05,,,
S92,0,08-01-18 19:35,,,
S92,0,08-01-18 20:05,,,
S92,0,08-01-18 20:35,,,
S92,0,08-01-18 21:05,,,
S92,0,08-01-18 21:35,,,
S92,0,08-01-18 22:05,,,
S92,0,08-01-18 22:35,,,
S92,0,08-01-18 23:05,,,
S92,0,08-01-18 23:35,,,
S88,0,08-01-18 0:05,Toa Payoh North,103.8482,1.3427
S88,0,08-01-18 0:35,Toa Payoh North,103.8482,1.3427
S88,0,08-01-18 1:05,Toa Payoh North,103.8482,1.3427
S88,0,08-01-18 1:35,Toa Payoh North,103.8482,1.3427
S88,0,08-01-18 2:05,Toa Payoh North,103.8482,1.3427
S88,0,08-01-18 2:35,Toa Payoh North,103.8482,1.3427
S88,0,08-01-18 3:05,Toa Payoh North,103.8482,1.3427
S88,0,08-01-18 3:35,Toa Payoh North,103.8482,1.3427
S88,0,08-01-18 4:05,Toa Payoh North,103.8482,1.3427
S88,0,08-01-18 4:25,Toa Payoh North,103.8482,1.3427
S88,0,08-01-18 5:05,Toa Payoh North,103.8482,1.3427
S88,0,08-01-18 5:35,Toa Payoh North,103.8482,1.3427
S88,0,08-01-18 6:05,Toa Payoh North,103.8482,1.3427
S88,0,08-01-18 6:35,Toa Payoh North,103.8482,1.3427
S88,0,08-01-18 7:05,Toa Payoh North,103.8482,1.3427
S88,1,08-01-18 7:35,Toa Payoh North,103.8482,1.3427
S88,3.4,08-01-18 8:05,Toa Payoh North,103.8482,1.3427
S88,3.2,08-01-18 8:35,Toa Payoh North,103.8482,1.3427
S88,1.2,08-01-18 9:05,Toa Payoh North,103.8482,1.3427
S88,3,08-01-18 9:35,Toa Payoh North,103.8482,1.3427
S88,2.8,08-01-18 10:05,Toa Payoh North,103.8482,1.3427
S88,0,08-01-18 10:35,Toa Payoh North,103.8482,1.3427
S88,0,08-01-18 11:05,Toa Payoh North,103.8482,1.3427
S88,0,08-01-18 11:35,Toa Payoh North,103.8482,1.3427
S88,0,08-01-18 12:05,Toa Payoh North,103.8482,1.3427
S88,0,08-01-18 12:35,Toa Payoh North,103.8482,1.3427
S88,0,08-01-18 13:05,Toa Payoh North,103.8482,1.3427
S88,0,08-01-18 13:35,Toa Payoh North,103.8482,1.3427
S88,0,08-01-18 14:05,Toa Payoh North,103.8482,1.3427
S88,0,08-01-18 14:35,Toa Payoh North,103.8482,1.3427
S88,0,08-01-18 15:05,Toa Payoh North,103.8482,1.3427
S88,0,08-01-18 15:35,Toa Payoh North,103.8482,1.3427
S88,0,08-01-18 16:05,Toa Payoh North,103.8482,1.3427
S88,0,08-01-18 16:35,Toa Payoh North,103.8482,1.3427
S88,0,08-01-18 17:05,Toa Payoh North,103.8482,1.3427
S88,0,08-01-18 17:35,Toa Payoh North,103.8482,1.3427
S88,0,08-01-18 18:05,Toa Payoh North,103.8482,1.3427
S88,0,08-01-18 18:35,Toa Payoh North,103.8482,1.3427
S88,0,08-01-18 19:05,Toa Payoh North,103.8482,1.3427
S88,0,08-01-18 19:35,Toa Payoh North,103.8482,1.3427
S88,0,08-01-18 20:05,Toa Payoh North,103.8482,1.3427
S88,0,08-01-18 20:35,Toa Payoh North,103.8482,1.3427
S88,0,08-01-18 21:05,Toa Payoh North,103.8482,1.3427
S88,0,08-01-18 21:35,Toa Payoh North,103.8482,1.3427
S88,0,08-01-18 22:05,Toa Payoh North,103.8482,1.3427
S88,0,08-01-18 22:35,Toa Payoh North,103.8482,1.3427
S88,0,08-01-18 23:05,Toa Payoh North,103.8482,1.3427
S88,0,08-01-18 23:35,Toa Payoh North,103.8482,1.3427
S88,0,09-01-18 0:05,Toa Payoh North,103.8482,1.3427
S123,0,08-01-18 0:05,,,
S123,0,08-01-18 0:35,,,
S123,0,08-01-18 1:05,,,
S123,0,08-01-18 1:35,,,
S123,0,08-01-18 2:05,,,
S123,0,08-01-18 2:35,,,
S123,0,08-01-18 3:05,,,
S123,0,08-01-18 3:35,,,
S123,0,08-01-18 4:05,,,
S123,0,08-01-18 4:25,,,
S123,0,08-01-18 5:05,,,
S123,0,08-01-18 5:35,,,
S123,0.2,08-01-18 6:05,,,
S123,0,08-01-18 6:35,,,
S123,0,08-01-18 7:05,,,
S123,0,08-01-18 7:35,,,
S123,1.6,08-01-18 8:05,,,
S123,4,08-01-18 8:35,,,
S123,0.8,08-01-18 9:05,,,
S123,7.6,08-01-18 9:35,,,
S123,0,08-01-18 10:05,,,
S123,0.2,08-01-18 10:35,,,
S123,0,08-01-18 11:05,,,
S123,0,08-01-18 11:35,,,
S123,0,08-01-18 12:05,,,
S123,0,08-01-18 12:35,,,
S123,0,08-01-18 13:05,,,
S123,0,08-01-18 13:35,,,
S123,0,08-01-18 14:05,,,
S123,0,08-01-18 14:35,,,
S123,0,08-01-18 15:05,,,
S123,0,08-01-18 15:35,,,
S123,0,08-01-18 16:05,,,
S123,0,08-01-18 16:35,,,
S123,0,08-01-18 17:05,,,
S123,0,08-01-18 17:35,,,
S123,0,08-01-18 18:05,,,
S123,0,08-01-18 18:35,,,
S123,0,08-01-18 19:05,,,
S123,0,08-01-18 19:35,,,
S123,0,08-01-18 20:05,,,
S123,0,08-01-18 20:35,,,
S123,0,08-01-18 21:05,,,
S123,0,08-01-18 21:35,,,
S123,0,08-01-18 22:05,,,
S123,0,08-01-18 22:35,,,
S123,0,08-01-18 23:05,,,
S123,0,08-01-18 23:35,,,
S89,0,08-01-18 0:05,,,
S89,0,08-01-18 0:35,,,
S89,0,08-01-18 1:05,,,
S89,0,08-01-18 1:35,,,
S89,0,08-01-18 2:05,,,
S89,0,08-01-18 2:35,,,
S89,0,08-01-18 3:05,,,
S89,0,08-01-18 3:35,,,
S89,0,08-01-18 4:05,,,
S89,0,08-01-18 4:25,,,
S89,1,08-01-18 5:05,,,
S89,0.4,08-01-18 5:35,,,
S89,0,08-01-18 6:05,,,
S89,0.2,08-01-18 6:35,,,
S89,0,08-01-18 7:05,,,
S89,1.4,08-01-18 7:35,,,
S89,0.4,08-01-18 8:05,,,
S89,0,08-01-18 8:35,,,
S89,0.4,08-01-18 9:05,,,
S89,0.4,08-01-18 9:35,,,
S89,0,08-01-18 10:05,,,
S89,0.2,08-01-18 10:35,,,
S89,0,08-01-18 11:05,,,
S89,0,08-01-18 11:35,,,
S89,0,08-01-18 12:05,,,
S89,0,08-01-18 12:35,,,
S89,0,08-01-18 13:05,,,
S89,0,08-01-18 13:35,,,
S89,0,08-01-18 14:05,,,
S89,0,08-01-18 14:35,,,
S89,0,08-01-18 15:05,,,
S89,0,08-01-18 15:35,,,
S89,0,08-01-18 16:05,,,
S89,0,08-01-18 16:35,,,
S89,0,08-01-18 17:05,,,
S89,0,08-01-18 17:35,,,
S89,0,08-01-18 18:05,,,
S89,0,08-01-18 18:35,,,
S89,0,08-01-18 19:05,,,
S89,1.8,08-01-18 19:35,,,
S89,0,08-01-18 20:05,,,
S89,0,08-01-18 20:35,,,
S89,0,08-01-18 21:05,,,
S89,0,08-01-18 21:35,,,
S89,0,08-01-18 22:05,,,
S89,0,08-01-18 22:35,,,
S89,0,08-01-18 23:05,,,
S89,0,08-01-18 23:35,,,
S115,0,08-01-18 0:05,,,
S115,0,08-01-18 0:35,,,
S115,0,08-01-18 1:05,,,
S115,0,08-01-18 1:35,,,
S115,0,08-01-18 3:05,,,
S115,0,08-01-18 3:35,,,
S115,0,08-01-18 4:05,,,
S115,0,08-01-18 4:25,,,
S115,0,08-01-18 5:05,,,
S115,0,08-01-18 5:35,,,
S115,0,08-01-18 6:05,,,
S115,0,08-01-18 6:35,,,
S115,0,08-01-18 7:05,,,
S115,0,08-01-18 12:05,,,
S115,0,08-01-18 12:35,,,
S115,0,08-01-18 13:05,,,
S115,0,08-01-18 13:35,,,
S115,0,08-01-18 14:05,,,
S115,0,08-01-18 14:35,,,
S115,0,08-01-18 15:05,,,
S115,0,08-01-18 15:35,,,
S115,0,08-01-18 16:05,,,
S115,0,08-01-18 16:35,,,
S115,0,08-01-18 17:05,,,
S115,0,08-01-18 17:35,,,
S115,0,08-01-18 18:05,,,
S115,0,08-01-18 18:35,,,
S115,0,08-01-18 19:05,,,
S115,0,08-01-18 19:35,,,
S115,0.4,08-01-18 20:05,,,
S115,0,08-01-18 20:35,,,
S115,0,08-01-18 21:05,,,
S115,0,08-01-18 21:35,,,
S115,0,08-01-18 22:05,,,
S115,0,08-01-18 22:35,,,
S115,0,08-01-18 23:05,,,
S115,0,08-01-18 23:35,,,
S82,0,08-01-18 0:05,Tuas West Road,103.6351,1.3247
S82,0,08-01-18 0:35,Tuas West Road,103.6351,1.3247
S82,0,08-01-18 1:05,Tuas West Road,103.6351,1.3247
S82,0,08-01-18 1:35,Tuas West Road,103.6351,1.3247
S82,0,08-01-18 2:05,Tuas West Road,103.6351,1.3247
S82,0,08-01-18 2:35,Tuas West Road,103.6351,1.3247
S82,0,08-01-18 3:05,Tuas West Road,103.6351,1.3247
S82,0,08-01-18 3:35,Tuas West Road,103.6351,1.3247
S82,0,08-01-18 4:05,Tuas West Road,103.6351,1.3247
S82,0,08-01-18 4:25,Tuas West Road,103.6351,1.3247
S82,0,08-01-18 5:05,Tuas West Road,103.6351,1.3247
S82,0.2,08-01-18 5:35,Tuas West Road,103.6351,1.3247
S82,0,08-01-18 6:05,Tuas West Road,103.6351,1.3247
S82,0,08-01-18 6:35,Tuas West Road,103.6351,1.3247
S82,0.8,08-01-18 7:05,Tuas West Road,103.6351,1.3247
S82,0.4,08-01-18 7:35,Tuas West Road,103.6351,1.3247
S82,0.2,08-01-18 8:05,Tuas West Road,103.6351,1.3247
S82,0.2,08-01-18 8:35,Tuas West Road,103.6351,1.3247
S82,0.2,08-01-18 9:05,Tuas West Road,103.6351,1.3247
S82,0.4,08-01-18 9:35,Tuas West Road,103.6351,1.3247
S82,0,08-01-18 10:05,Tuas West Road,103.6351,1.3247
S82,0.4,08-01-18 10:35,Tuas West Road,103.6351,1.3247
S82,0,08-01-18 11:05,Tuas West Road,103.6351,1.3247
S82,0,08-01-18 11:35,Tuas West Road,103.6351,1.3247
S82,0,08-01-18 12:05,Tuas West Road,103.6351,1.3247
S82,0,08-01-18 12:35,Tuas West Road,103.6351,1.3247
S82,0,08-01-18 13:05,Tuas West Road,103.6351,1.3247
S82,0,08-01-18 13:35,Tuas West Road,103.6351,1.3247
S82,0,08-01-18 14:05,Tuas West Road,103.6351,1.3247
S82,0,08-01-18 14:35,Tuas West Road,103.6351,1.3247
S82,0,08-01-18 15:05,Tuas West Road,103.6351,1.3247
S82,0,08-01-18 15:35,Tuas West Road,103.6351,1.3247
S82,0,08-01-18 16:05,Tuas West Road,103.6351,1.3247
S82,0,08-01-18 16:35,Tuas West Road,103.6351,1.3247
S82,0,08-01-18 17:05,Tuas West Road,103.6351,1.3247
S82,0,08-01-18 17:35,Tuas West Road,103.6351,1.3247
S82,0,08-01-18 18:05,Tuas West Road,103.6351,1.3247
S82,0,08-01-18 18:35,Tuas West Road,103.6351,1.3247
S82,0,08-01-18 19:05,Tuas West Road,103.6351,1.3247
S82,0.8,08-01-18 19:35,Tuas West Road,103.6351,1.3247
S82,0,08-01-18 20:05,Tuas West Road,103.6351,1.3247
S82,0,08-01-18 20:35,Tuas West Road,103.6351,1.3247
S82,0,08-01-18 21:05,Tuas West Road,103.6351,1.3247
S82,0,08-01-18 21:35,Tuas West Road,103.6351,1.3247
S82,0,08-01-18 22:05,Tuas West Road,103.6351,1.3247
S82,0,08-01-18 22:35,Tuas West Road,103.6351,1.3247
S82,0,08-01-18 23:05,Tuas West Road,103.6351,1.3247
S82,0,08-01-18 23:35,Tuas West Road,103.6351,1.3247
S82,0,09-01-18 0:05,Tuas West Road,103.6351,1.3247
S24,0,08-01-18 0:05,Upper Changi Road North,103.9826,1.3678
S24,0,08-01-18 0:35,Upper Changi Road North,103.9826,1.3678
S24,0,08-01-18 1:05,Upper Changi Road North,103.9826,1.3678
S24,0,08-01-18 1:35,Upper Changi Road North,103.9826,1.3678
S24,0,08-01-18 2:05,Upper Changi Road North,103.9826,1.3678
S24,0,08-01-18 2:35,Upper Changi Road North,103.9826,1.3678
S24,0,08-01-18 3:05,Upper Changi Road North,103.9826,1.3678
S24,0,08-01-18 3:35,Upper Changi Road North,103.9826,1.3678
S24,0,08-01-18 4:25,Upper Changi Road North,103.9826,1.3678
S24,0,08-01-18 5:05,Upper Changi Road North,103.9826,1.3678
S24,0,08-01-18 5:35,Upper Changi Road North,103.9826,1.3678
S24,0,08-01-18 6:05,Upper Changi Road North,103.9826,1.3678
S24,0,08-01-18 6:35,Upper Changi Road North,103.9826,1.3678
S24,0,08-01-18 7:05,Upper Changi Road North,103.9826,1.3678
S24,0,08-01-18 7:35,Upper Changi Road North,103.9826,1.3678
S24,0.6,08-01-18 8:05,Upper Changi Road North,103.9826,1.3678
S24,1,08-01-18 8:35,Upper Changi Road North,103.9826,1.3678
S24,4,08-01-18 9:05,Upper Changi Road North,103.9826,1.3678
S24,1,08-01-18 9:35,Upper Changi Road North,103.9826,1.3678
S24,0.2,08-01-18 10:05,Upper Changi Road North,103.9826,1.3678
S24,0,08-01-18 10:35,Upper Changi Road North,103.9826,1.3678
S24,0,08-01-18 11:05,Upper Changi Road North,103.9826,1.3678
S24,0.2,08-01-18 11:35,Upper Changi Road North,103.9826,1.3678
S24,0,08-01-18 12:05,Upper Changi Road North,103.9826,1.3678
S24,0,08-01-18 12:35,Upper Changi Road North,103.9826,1.3678
S24,0,08-01-18 13:05,Upper Changi Road North,103.9826,1.3678
S24,0,08-01-18 13:35,Upper Changi Road North,103.9826,1.3678
S24,0,08-01-18 14:05,Upper Changi Road North,103.9826,1.3678
S24,0,08-01-18 14:35,Upper Changi Road North,103.9826,1.3678
S24,0,08-01-18 15:05,Upper Changi Road North,103.9826,1.3678
S24,0,08-01-18 15:35,Upper Changi Road North,103.9826,1.3678
S24,0,08-01-18 16:05,Upper Changi Road North,103.9826,1.3678
S24,0,08-01-18 16:35,Upper Changi Road North,103.9826,1.3678
S24,0,08-01-18 17:05,Upper Changi Road North,103.9826,1.3678
S24,0,08-01-18 17:35,Upper Changi Road North,103.9826,1.3678
S24,0,08-01-18 18:05,Upper Changi Road North,103.9826,1.3678
S24,0,08-01-18 18:35,Upper Changi Road North,103.9826,1.3678
S24,0,08-01-18 19:05,Upper Changi Road North,103.9826,1.3678
S24,0,08-01-18 19:35,Upper Changi Road North,103.9826,1.3678
S24,0,08-01-18 20:05,Upper Changi Road North,103.9826,1.3678
S24,0,08-01-18 20:35,Upper Changi Road North,103.9826,1.3678
S24,0,08-01-18 21:05,Upper Changi Road North,103.9826,1.3678
S24,0,08-01-18 21:35,Upper Changi Road North,103.9826,1.3678
S24,0,08-01-18 22:05,Upper Changi Road North,103.9826,1.3678
S24,0,08-01-18 22:35,Upper Changi Road North,103.9826,1.3678
S24,0,08-01-18 23:05,Upper Changi Road North,103.9826,1.3678
S24,0,08-01-18 23:35,Upper Changi Road North,103.9826,1.3678
S24,0,09-01-18 0:05,Upper Changi Road North,103.9826,1.3678
S69,0,08-01-18 0:05,Upper Peirce Reservoir Park,103.805,1.37
S69,0,08-01-18 0:35,Upper Peirce Reservoir Park,103.805,1.37
S69,0,08-01-18 1:05,Upper Peirce Reservoir Park,103.805,1.37
S69,0,08-01-18 1:35,Upper Peirce Reservoir Park,103.805,1.37
S69,0,08-01-18 2:05,Upper Peirce Reservoir Park,103.805,1.37
S69,0,08-01-18 2:35,Upper Peirce Reservoir Park,103.805,1.37
S69,0,08-01-18 3:05,Upper Peirce Reservoir Park,103.805,1.37
S69,0,08-01-18 3:35,Upper Peirce Reservoir Park,103.805,1.37
S69,0,08-01-18 4:05,Upper Peirce Reservoir Park,103.805,1.37
S69,0,08-01-18 4:25,Upper Peirce Reservoir Park,103.805,1.37
S69,0,08-01-18 5:05,Upper Peirce Reservoir Park,103.805,1.37
S69,0,08-01-18 5:35,Upper Peirce Reservoir Park,103.805,1.37
S69,0,08-01-18 6:05,Upper Peirce Reservoir Park,103.805,1.37
S69,0,08-01-18 6:35,Upper Peirce Reservoir Park,103.805,1.37
S69,0,08-01-18 7:05,Upper Peirce Reservoir Park,103.805,1.37
S69,1,08-01-18 7:35,Upper Peirce Reservoir Park,103.805,1.37
S69,1.2,08-01-18 8:05,Upper Peirce Reservoir Park,103.805,1.37
S69,5.2,08-01-18 8:35,Upper Peirce Reservoir Park,103.805,1.37
S69,1.8,08-01-18 9:05,Upper Peirce Reservoir Park,103.805,1.37
S69,1.2,08-01-18 9:35,Upper Peirce Reservoir Park,103.805,1.37
S69,4.4,08-01-18 10:05,Upper Peirce Reservoir Park,103.805,1.37
S69,0,08-01-18 10:35,Upper Peirce Reservoir Park,103.805,1.37
S69,0,08-01-18 11:05,Upper Peirce Reservoir Park,103.805,1.37
S69,0,08-01-18 11:35,Upper Peirce Reservoir Park,103.805,1.37
S69,0,08-01-18 12:05,Upper Peirce Reservoir Park,103.805,1.37
S69,0,08-01-18 12:35,Upper Peirce Reservoir Park,103.805,1.37
S69,0,08-01-18 13:05,Upper Peirce Reservoir Park,103.805,1.37
S69,0,08-01-18 13:35,Upper Peirce Reservoir Park,103.805,1.37
S69,0,08-01-18 14:05,Upper Peirce Reservoir Park,103.805,1.37
S69,0,08-01-18 14:35,Upper Peirce Reservoir Park,103.805,1.37
S69,0,08-01-18 15:05,Upper Peirce Reservoir Park,103.805,1.37
S69,0,08-01-18 15:35,Upper Peirce Reservoir Park,103.805,1.37
S69,0,08-01-18 16:05,Upper Peirce Reservoir Park,103.805,1.37
S69,0,08-01-18 16:35,Upper Peirce Reservoir Park,103.805,1.37
S69,0,08-01-18 17:05,Upper Peirce Reservoir Park,103.805,1.37
S69,0,08-01-18 17:35,Upper Peirce Reservoir Park,103.805,1.37
S69,0,08-01-18 18:05,Upper Peirce Reservoir Park,103.805,1.37
S69,0,08-01-18 18:35,Upper Peirce Reservoir Park,103.805,1.37
S69,0,08-01-18 19:05,Upper Peirce Reservoir Park,103.805,1.37
S69,0,08-01-18 19:35,Upper Peirce Reservoir Park,103.805,1.37
S69,0,08-01-18 20:05,Upper Peirce Reservoir Park,103.805,1.37
S69,0,08-01-18 20:35,Upper Peirce Reservoir Park,103.805,1.37
S69,0,08-01-18 21:05,Upper Peirce Reservoir Park,103.805,1.37
S69,0,08-01-18 21:35,Upper Peirce Reservoir Park,103.805,1.37
S69,0,08-01-18 22:05,Upper Peirce Reservoir Park,103.805,1.37
S69,0,08-01-18 22:35,Upper Peirce Reservoir Park,103.805,1.37
S69,0,08-01-18 23:05,Upper Peirce Reservoir Park,103.805,1.37
S69,0,08-01-18 23:35,Upper Peirce Reservoir Park,103.805,1.37
S69,0,09-01-18 0:05,Upper Peirce Reservoir Park,103.805,1.37
S08,0,08-01-18 0:05,Upper Thomson Road,103.8271,1.3701
S08,0,08-01-18 0:35,Upper Thomson Road,103.8271,1.3701
S08,0,08-01-18 1:05,Upper Thomson Road,103.8271,1.3701
S08,0,08-01-18 1:35,Upper Thomson Road,103.8271,1.3701
S08,0,08-01-18 2:05,Upper Thomson Road,103.8271,1.3701
S08,0,08-01-18 2:35,Upper Thomson Road,103.8271,1.3701
S08,0,08-01-18 3:05,Upper Thomson Road,103.8271,1.3701
S08,0,08-01-18 3:35,Upper Thomson Road,103.8271,1.3701
S08,0,08-01-18 4:05,Upper Thomson Road,103.8271,1.3701
S08,0,08-01-18 4:25,Upper Thomson Road,103.8271,1.3701
S08,0,08-01-18 5:05,Upper Thomson Road,103.8271,1.3701
S08,0,08-01-18 5:35,Upper Thomson Road,103.8271,1.3701
S08,0,08-01-18 6:05,Upper Thomson Road,103.8271,1.3701
S08,0.8,08-01-18 6:35,Upper Thomson Road,103.8271,1.3701
S08,0,08-01-18 7:05,Upper Thomson Road,103.8271,1.3701
S08,1.8,08-01-18 7:35,Upper Thomson Road,103.8271,1.3701
S08,0.4,08-01-18 8:05,Upper Thomson Road,103.8271,1.3701
S08,4.6,08-01-18 8:35,Upper Thomson Road,103.8271,1.3701
S08,0.8,08-01-18 9:05,Upper Thomson Road,103.8271,1.3701
S08,0.2,08-01-18 9:35,Upper Thomson Road,103.8271,1.3701
S08,1,08-01-18 10:05,Upper Thomson Road,103.8271,1.3701
S08,0,08-01-18 10:35,Upper Thomson Road,103.8271,1.3701
S08,0,08-01-18 11:05,Upper Thomson Road,103.8271,1.3701
S08,0,08-01-18 11:35,Upper Thomson Road,103.8271,1.3701
S08,0,08-01-18 12:05,Upper Thomson Road,103.8271,1.3701
S08,0,08-01-18 12:35,Upper Thomson Road,103.8271,1.3701
S08,0,08-01-18 13:05,Upper Thomson Road,103.8271,1.3701
S08,0,08-01-18 13:35,Upper Thomson Road,103.8271,1.3701
S08,0,08-01-18 14:05,Upper Thomson Road,103.8271,1.3701
S08,0,08-01-18 14:35,Upper Thomson Road,103.8271,1.3701
S08,0,08-01-18 15:05,Upper Thomson Road,103.8271,1.3701
S08,0,08-01-18 15:35,Upper Thomson Road,103.8271,1.3701
S08,0,08-01-18 16:05,Upper Thomson Road,103.8271,1.3701
S08,0,08-01-18 16:35,Upper Thomson Road,103.8271,1.3701
S08,0,08-01-18 17:05,Upper Thomson Road,103.8271,1.3701
S08,0,08-01-18 17:35,Upper Thomson Road,103.8271,1.3701
S08,0,08-01-18 18:05,Upper Thomson Road,103.8271,1.3701
S08,0,08-01-18 18:35,Upper Thomson Road,103.8271,1.3701
S08,0,08-01-18 19:05,Upper Thomson Road,103.8271,1.3701
S08,0,08-01-18 19:35,Upper Thomson Road,103.8271,1.3701
S08,0,08-01-18 20:05,Upper Thomson Road,103.8271,1.3701
S08,0,08-01-18 20:35,Upper Thomson Road,103.8271,1.3701
S08,0,08-01-18 21:05,Upper Thomson Road,103.8271,1.3701
S08,0,08-01-18 21:35,Upper Thomson Road,103.8271,1.3701
S08,0,08-01-18 22:05,Upper Thomson Road,103.8271,1.3701
S08,0,08-01-18 22:35,Upper Thomson Road,103.8271,1.3701
S08,0,08-01-18 23:05,Upper Thomson Road,103.8271,1.3701
S08,0,08-01-18 23:35,Upper Thomson Road,103.8271,1.3701
S08,0,09-01-18 0:05,Upper Thomson Road,103.8271,1.3701
S116,0,08-01-18 0:05,,,
S116,0,08-01-18 0:35,,,
S116,0,08-01-18 1:05,,,
S116,0,08-01-18 1:35,,,
S116,0,08-01-18 3:05,,,
S116,0,08-01-18 3:35,,,
S116,0,08-01-18 4:25,,,
S116,0,08-01-18 5:05,,,
S116,0.4,08-01-18 5:35,,,
S116,0,08-01-18 6:05,,,
S116,0.4,08-01-18 6:35,,,
S116,0,08-01-18 7:05,,,
S116,0.8,08-01-18 7:35,,,
S116,0,08-01-18 8:05,,,
S116,0.2,08-01-18 8:35,,,
S116,1,08-01-18 9:05,,,
S116,0.2,08-01-18 9:35,,,
S116,0.2,08-01-18 10:05,,,
S116,0,08-01-18 10:35,,,
S116,0,08-01-18 11:05,,,
S116,0,08-01-18 11:35,,,
S116,0,08-01-18 12:05,,,
S116,0,08-01-18 12:35,,,
S116,0,08-01-18 13:05,,,
S116,0,08-01-18 13:35,,,
S116,0,08-01-18 14:05,,,
S116,0,08-01-18 14:35,,,
S116,0,08-01-18 15:05,,,
S116,0,08-01-18 15:35,,,
S116,0,08-01-18 16:05,,,
S116,0,08-01-18 16:35,,,
S116,0,08-01-18 17:05,,,
S116,0,08-01-18 17:35,,,
S116,0,08-01-18 18:05,,,
S116,3.6,08-01-18 18:35,,,
S116,0,08-01-18 19:05,,,
S116,0,08-01-18 19:35,,,
S116,0,08-01-18 20:05,,,
S116,0,08-01-18 20:35,,,
S116,0,08-01-18 21:05,,,
S116,0,08-01-18 21:35,,,
S116,0,08-01-18 22:05,,,
S116,0,08-01-18 22:35,,,
S116,0,08-01-18 23:05,,,
S116,0,08-01-18 23:35,,,
S104,0,08-01-18 0:05,,,
S104,0,08-01-18 0:35,,,
S104,0,08-01-18 1:05,,,
S104,0,08-01-18 1:35,,,
S104,0,08-01-18 2:05,,,
S104,0,08-01-18 2:35,,,
S104,0,08-01-18 3:05,,,
S104,0,08-01-18 3:35,,,
S104,0,08-01-18 4:05,,,
S104,0,08-01-18 4:25,,,
S104,0,08-01-18 5:05,,,
S104,0,08-01-18 5:35,,,
S104,0,08-01-18 6:05,,,
S104,0,08-01-18 6:35,,,
S104,0.2,08-01-18 7:05,,,
S104,0.4,08-01-18 7:35,,,
S104,3,08-01-18 8:05,,,
S104,1.8,08-01-18 8:35,,,
S104,0.4,08-01-18 9:05,,,
S104,0.6,08-01-18 9:35,,,
S104,0.8,08-01-18 10:05,,,
S104,0.8,08-01-18 10:35,,,
S104,0.2,08-01-18 11:05,,,
S104,0,08-01-18 11:35,,,
S104,0,08-01-18 12:05,,,
S104,0,08-01-18 12:35,,,
S104,0,08-01-18 13:05,,,
S104,0,08-01-18 13:35,,,
S104,0,08-01-18 14:05,,,
S104,0,08-01-18 14:35,,,
S104,0,08-01-18 15:05,,,
S104,0,08-01-18 15:35,,,
S104,0,08-01-18 16:05,,,
S104,0,08-01-18 16:35,,,
S104,0,08-01-18 17:05,,,
S104,0,08-01-18 17:35,,,
S104,0,08-01-18 18:05,,,
S104,0,08-01-18 18:35,,,
S104,0,08-01-18 19:05,,,
S104,0,08-01-18 19:35,,,
S104,0,08-01-18 20:05,,,
S104,0,08-01-18 20:35,,,
S104,0,08-01-18 21:05,,,
S104,0,08-01-18 21:35,,,
S104,0,08-01-18 22:05,,,
S104,0,08-01-18 22:35,,,
S104,0,08-01-18 23:05,,,
S104,0,08-01-18 23:35,,,
S100,0,08-01-18 0:05,,,
S100,0,08-01-18 0:35,,,
S100,0,08-01-18 1:05,,,
S100,0,08-01-18 1:35,,,
S100,0,08-01-18 2:05,,,
S100,0,08-01-18 2:35,,,
S100,0,08-01-18 3:05,,,
S100,0,08-01-18 3:35,,,
S100,0,08-01-18 4:05,,,
S100,0,08-01-18 4:25,,,
S100,0,08-01-18 5:05,,,
S100,0,08-01-18 5:35,,,
S100,0,08-01-18 6:05,,,
S100,0.2,08-01-18 6:35,,,
S100,0,08-01-18 7:05,,,
S100,2,08-01-18 7:35,,,
S100,0.2,08-01-18 8:05,,,
S100,1,08-01-18 8:35,,,
S100,0.4,08-01-18 9:05,,,
S100,0.2,08-01-18 9:35,,,
S100,0.4,08-01-18 10:05,,,
S100,0.4,08-01-18 10:35,,,
S100,0,08-01-18 11:05,,,
S100,0,08-01-18 11:35,,,
S100,0,08-01-18 12:05,,,
S100,0,08-01-18 12:35,,,
S100,0,08-01-18 13:05,,,
S100,0,08-01-18 13:35,,,
S100,0,08-01-18 14:05,,,
S100,0,08-01-18 14:35,,,
S100,0,08-01-18 15:05,,,
S100,0,08-01-18 15:35,,,
S100,0,08-01-18 16:05,,,
S100,0,08-01-18 16:35,,,
S100,0,08-01-18 17:05,,,
S100,0,08-01-18 17:35,,,
S100,0,08-01-18 18:05,,,
S100,0,08-01-18 18:35,,,
S100,0,08-01-18 19:05,,,
S100,0,08-01-18 19:35,,,
S100,0,08-01-18 20:05,,,
S100,0,08-01-18 20:35,,,
S100,0,08-01-18 21:05,,,
S100,0,08-01-18 21:35,,,
S100,0,08-01-18 22:05,,,
S100,0,08-01-18 22:35,,,
S100,0,08-01-18 23:05,,,
S100,0,08-01-18 23:35,,,
S91,0,08-01-18 0:05,Yishun Avenue 5,103.8308,1.4301
S91,0,08-01-18 0:35,Yishun Avenue 5,103.8308,1.4301
S91,0,08-01-18 1:05,Yishun Avenue 5,103.8308,1.4301
S91,0,08-01-18 1:35,Yishun Avenue 5,103.8308,1.4301
S91,0,08-01-18 2:05,Yishun Avenue 5,103.8308,1.4301
S91,0,08-01-18 2:35,Yishun Avenue 5,103.8308,1.4301
S91,0,08-01-18 3:05,Yishun Avenue 5,103.8308,1.4301
S91,0,08-01-18 3:35,Yishun Avenue 5,103.8308,1.4301
S91,0,08-01-18 4:05,Yishun Avenue 5,103.8308,1.4301
S91,0,08-01-18 4:25,Yishun Avenue 5,103.8308,1.4301
S91,0,08-01-18 5:05,Yishun Avenue 5,103.8308,1.4301
S91,0,08-01-18 5:35,Yishun Avenue 5,103.8308,1.4301
S91,0,08-01-18 6:05,Yishun Avenue 5,103.8308,1.4301
S91,0,08-01-18 6:35,Yishun Avenue 5,103.8308,1.4301
S91,0,08-01-18 7:05,Yishun Avenue 5,103.8308,1.4301
S91,2,08-01-18 7:35,Yishun Avenue 5,103.8308,1.4301
S91,1.6,08-01-18 8:05,Yishun Avenue 5,103.8308,1.4301
S91,2,08-01-18 8:35,Yishun Avenue 5,103.8308,1.4301
S91,0.8,08-01-18 9:05,Yishun Avenue 5,103.8308,1.4301
S91,0.4,08-01-18 9:35,Yishun Avenue 5,103.8308,1.4301
S91,2.2,08-01-18 10:05,Yishun Avenue 5,103.8308,1.4301
S91,0.2,08-01-18 10:35,Yishun Avenue 5,103.8308,1.4301
S91,0,08-01-18 11:05,Yishun Avenue 5,103.8308,1.4301
S91,0,08-01-18 11:35,Yishun Avenue 5,103.8308,1.4301
S91,0,08-01-18 12:05,Yishun Avenue 5,103.8308,1.4301
S91,0,08-01-18 12:35,Yishun Avenue 5,103.8308,1.4301
S91,0,08-01-18 13:05,Yishun Avenue 5,103.8308,1.4301
S91,0,08-01-18 13:35,Yishun Avenue 5,103.8308,1.4301
S91,0,08-01-18 14:05,Yishun Avenue 5,103.8308,1.4301
S91,0,08-01-18 14:35,Yishun Avenue 5,103.8308,1.4301
S91,0,08-01-18 15:05,Yishun Avenue 5,103.8308,1.4301
S91,0,08-01-18 15:35,Yishun Avenue 5,103.8308,1.4301
S91,0,08-01-18 16:05,Yishun Avenue 5,103.8308,1.4301
S91,0,08-01-18 16:35,Yishun Avenue 5,103.8308,1.4301
S91,0,08-01-18 17:05,Yishun Avenue 5,103.8308,1.4301
S91,0,08-01-18 17:35,Yishun Avenue 5,103.8308,1.4301
S91,0,08-01-18 18:05,Yishun Avenue 5,103.8308,1.4301
S91,0,08-01-18 18:35,Yishun Avenue 5,103.8308,1.4301
S91,0,08-01-18 19:05,Yishun Avenue 5,103.8308,1.4301
S91,0,08-01-18 19:35,Yishun Avenue 5,103.8308,1.4301
S91,0,08-01-18 20:05,Yishun Avenue 5,103.8308,1.4301
S91,0,08-01-18 20:35,Yishun Avenue 5,103.8308,1.4301
S91,0,08-01-18 21:05,Yishun Avenue 5,103.8308,1.4301
S91,0,08-01-18 21:35,Yishun Avenue 5,103.8308,1.4301
S91,0,08-01-18 22:05,Yishun Avenue 5,103.8308,1.4301
S91,0,08-01-18 22:35,Yishun Avenue 5,103.8308,1.4301
S91,0,08-01-18 23:05,Yishun Avenue 5,103.8308,1.4301
S91,0,08-01-18 23:35,Yishun Avenue 5,103.8308,1.4301
S91,0,09-01-18 0:05,Yishun Avenue 5,103.8308,1.4301
S36,0,08-01-18 13:35,Upper Serangoon Road,103.8657,1.3382
S36,0,08-01-18 14:05,Upper Serangoon Road,103.8657,1.3382
S36,0,08-01-18 14:35,Upper Serangoon Road,103.8657,1.3382
S36,0,08-01-18 15:05,Upper Serangoon Road,103.8657,1.3382
S36,0,08-01-18 15:35,Upper Serangoon Road,103.8657,1.3382
S36,0,08-01-18 16:05,Upper Serangoon Road,103.8657,1.3382
S36,0,08-01-18 16:35,Upper Serangoon Road,103.8657,1.3382
S36,0,08-01-18 17:05,Upper Serangoon Road,103.8657,1.3382
S36,0,08-01-18 17:35,Upper Serangoon Road,103.8657,1.3382
S36,0,08-01-18 18:05,Upper Serangoon Road,103.8657,1.3382
S36,0,08-01-18 18:35,Upper Serangoon Road,103.8657,1.3382
S36,0,08-01-18 19:05,Upper Serangoon Road,103.8657,1.3382
S36,0,08-01-18 19:35,Upper Serangoon Road,103.8657,1.3382
S36,0,08-01-18 20:05,Upper Serangoon Road,103.8657,1.3382
S36,0,08-01-18 20:35,Upper Serangoon Road,103.8657,1.3382
S36,0,08-01-18 21:05,Upper Serangoon Road,103.8657,1.3382
S36,0,08-01-18 21:35,Upper Serangoon Road,103.8657,1.3382
S36,0,08-01-18 22:05,Upper Serangoon Road,103.8657,1.3382
S36,0,08-01-18 22:35,Upper Serangoon Road,103.8657,1.3382
S36,0,08-01-18 23:05,Upper Serangoon Road,103.8657,1.3382
S36,0,08-01-18 23:35,Upper Serangoon Road,103.8657,1.3382
S36,0,09-01-18 0:05,Upper Serangoon Road,103.8657,1.3382
S121,0,08-01-18 16:05,,,
S121,0,08-01-18 16:35,,,
S121,0,08-01-18 17:05,,,
S121,0,08-01-18 17:35,,,
S121,0,08-01-18 18:05,,,
S121,0.2,08-01-18 18:35,,,
S121,0,08-01-18 19:05,,,
S121,0,08-01-18 19:35,,,
S121,0,08-01-18 20:05,,,
S121,0,08-01-18 20:35,,,
S121,0,08-01-18 21:05,,,
S121,0,08-01-18 21:35,,,
S121,0,08-01-18 22:05,,,
S121,0,08-01-18 22:35,,,
S121,0,08-01-18 23:05,,,
S121,0,08-01-18 23:35,,,
